Date,Invoice_ID,Customer_ID,Customer_Age_Group,Gender,State,Product_Category,Product_Name,Season,Unit_Price,Quantity_Sold,Total_Sales,Payment_Method,Sales_Channel,Promo_Code_Used,Discount_Amount,Net_Sales
11/24/2025,INV100000,CUST2824,18-25,Others,Sabah,Bottoms,Batik Skirt,Normal,45.12,1,45.12,Cash,Instagram,Yes,6.34,38.78
4/22/2025,INV100001,CUST4811,18-25,Others,Johor,Hijabs,Cotton Hijab,Chinese New Year,100.86,3,302.58,Cash,In-Store,No,0,302.58
6/24/2025,INV100002,CUST5552,26-35,Male,Sarawak,Tops,Floral Blouse,Normal,88.39,3,265.17,E-Wallet (TnG),Shopee,Yes,37.84,227.33
10/2/2025,INV100003,CUST3045,46-60,Male,Sabah,Hijabs,Cotton Hijab,Normal,123.92,1,123.92,Cash,In-Store,No,0,123.92
2/10/2025,INV100004,CUST4814,18-25,Female,Sabah,Footwear,Sandals,Ramadan,49.28,3,147.84,Credit Card,Shopee,Yes,32.41,115.43
3/29/2025,INV100005,CUST9751,26-35,Male,Negeri Sembilan,Footwear,Sneakers,Normal,198.11,5,990.5500000000001,Credit Card,Shopee,Yes,15.31,975.2400000000001
1/17/2025,INV100006,CUST6168,46-60,Female,Kuala Lumpur,Bottoms,Palazzo Pants,Year End,76.64,4,306.56,E-Wallet (GrabPay),Instagram,Yes,16.92,289.64
5/7/2025,INV100007,CUST9830,36-45,Others,Perak,Hijabs,Cotton Hijab,Ramadan,59.48,2,118.96,E-Wallet (GrabPay),Online,Yes,43.75,75.21
3/20/2025,INV100008,CUST3621,46-60,Others,Kuala Lumpur,Footwear,Sneakers,Normal,127.26,4,509.04,E-Wallet (TnG),Online,Yes,35.68,473.36
10/2/2025,INV100009,CUST5371,36-45,Male,Sabah,Footwear,Heels,Normal,101.67,3,305.01,Credit Card,Online,No,0,305.01
11/24/2025,INV100010,CUST9317,26-35,Male,Sarawak,Bottoms,Palazzo Pants,Normal,191.63,5,958.15,Cash,Shopee,No,0,958.15
1/10/2025,INV100011,CUST2832,36-45,Female,Johor,Tops,Floral Blouse,Merdeka,190.45,1,190.45,E-Wallet (GrabPay),Online,Yes,10.78,179.67
9/1/2025,INV100012,CUST3705,36-45,Others,Perak,Bottoms,Palazzo Pants,Normal,155.95,2,311.9,E-Wallet (TnG),Instagram,No,0,311.9
8/13/2025,INV100013,CUST9479,46-60,Male,Johor,Bottoms,Batik Skirt,Ramadan,23.79,5,118.94999999999999,Credit Card,In-Store,Yes,8.19,110.75999999999999
11/20/2025,INV100014,CUST1964,26-35,Male,Selangor,Accessories,Handbag,Normal,112.55,3,337.65,E-Wallet (GrabPay),In-Store,Yes,37.55,300.09999999999997
10/20/2025,INV100015,CUST8744,26-35,Female,Perak,Bottoms,Batik Skirt,Normal,37.45,4,149.8,E-Wallet (TnG),Instagram,No,0,149.8
8/28/2025,INV100016,CUST1887,18-25,Male,Perak,Accessories,Handbag,Chinese New Year,54.49,5,272.45,E-Wallet (GrabPay),In-Store,No,0,272.45
4/4/2025,INV100017,CUST5563,46-60,Male,Kuala Lumpur,Footwear,Sandals,New Year,29.11,5,145.55,Cash,Online,Yes,12.48,133.07000000000002
9/6/2025,INV100018,CUST8886,26-35,Female,Selangor,Bottoms,Slim Fit Jeans,Normal,20.39,4,81.56,E-Wallet (TnG),Instagram,No,0,81.56
8/5/2025,INV100019,CUST8973,26-35,Male,Sabah,Bottoms,Batik Skirt,Merdeka,152.43,1,152.43,E-Wallet (TnG),Online,Yes,31.29,121.14000000000001
9/15/2025,INV100020,CUST9701,26-35,Male,Kuala Lumpur,Bottoms,Batik Skirt,Normal,127.11,2,254.22,E-Wallet (GrabPay),Online,Yes,31.05,223.17
1/21/2025,INV100021,CUST2343,46-60,Others,Sarawak,Accessories,Handbag,Year End,148.91,2,297.82,E-Wallet (TnG),Instagram,Yes,35.23,262.59
6/3/2025,INV100022,CUST8491,36-45,Male,Selangor,Footwear,Sandals,Normal,199.72,1,199.72,Cash,In-Store,No,0,199.72
3/9/2025,INV100023,CUST6718,18-25,Male,Sarawak,Accessories,Handbag,Normal,98.87,5,494.35,E-Wallet (TnG),Online,No,0,494.35
12/6/2025,INV100024,CUST2697,26-35,Female,Kuala Lumpur,Tops,Linen Tunic,Merdeka,47.98,3,143.94,Credit Card,Shopee,Yes,35.94,108
5/16/2025,INV100025,CUST9280,46-60,Female,Selangor,Tops,Linen Tunic,Hari Raya,169.28,1,169.28,Cash,Shopee,Yes,33.67,135.61
5/15/2025,INV100026,CUST3647,46-60,Others,Perak,Hijabs,Silk Hijab,New Year,33.54,2,67.08,Cash,Shopee,Yes,24.34,42.739999999999995
1/22/2025,INV100027,CUST6050,36-45,Male,Sarawak,Bottoms,Palazzo Pants,Chinese New Year,140.05,3,420.15000000000003,E-Wallet (GrabPay),In-Store,Yes,43.91,376.24
4/1/2025,INV100028,CUST7755,18-25,Male,Sarawak,Footwear,Sandals,Year End,165.93,3,497.79,Credit Card,Online,No,0,497.79
1/20/2025,INV100029,CUST8711,26-35,Male,Negeri Sembilan,Accessories,Scarf,Chinese New Year,60.13,2,120.26,E-Wallet (GrabPay),Shopee,No,0,120.26
2/5/2025,INV100030,CUST5573,36-45,Others,Perak,Hijabs,Cotton Hijab,New Year,40.76,3,122.28,Credit Card,Shopee,Yes,9.88,112.4
8/11/2025,INV100031,CUST6663,36-45,Female,Kuala Lumpur,Footwear,Sandals,Chinese New Year,65.85,4,263.4,Cash,In-Store,No,0,263.4
8/9/2025,INV100032,CUST2146,36-45,Others,Sarawak,Tops,Linen Tunic,Ramadan,111.28,4,445.12,E-Wallet (TnG),Instagram,No,0,445.12
10/11/2025,INV100033,CUST3085,26-35,Female,Perak,Bottoms,Palazzo Pants,Normal,122.44,4,489.76,Cash,Shopee,No,0,489.76
4/18/2025,INV100034,CUST8043,36-45,Female,Negeri Sembilan,Footwear,Sandals,Chinese New Year,112.01,2,224.02,Cash,Shopee,No,0,224.02
2/17/2025,INV100035,CUST4848,36-45,Male,Johor,Bottoms,Batik Skirt,New Year,64.07,4,256.28,Cash,Instagram,No,0,256.28
11/19/2025,INV100036,CUST4185,46-60,Female,Perak,Bottoms,Batik Skirt,Normal,138.09,1,138.09,Cash,Instagram,Yes,12.91,125.18
12/23/2025,INV100037,CUST9486,46-60,Male,Johor,Tops,Cotton Shirt,Chinese New Year,164.25,5,821.25,E-Wallet (TnG),Instagram,No,0,821.25
10/8/2025,INV100038,CUST8305,26-35,Others,Negeri Sembilan,Footwear,Sneakers,Normal,155.32,3,465.96,E-Wallet (GrabPay),In-Store,No,0,465.96
8/14/2025,INV100039,CUST2269,36-45,Male,Sabah,Accessories,Scarf,Merdeka,34.5,2,69,Credit Card,Instagram,Yes,36.79,32.21
2/2/2025,INV100040,CUST7797,46-60,Female,Negeri Sembilan,Footwear,Heels,Chinese New Year,169.92,4,679.68,Cash,Instagram,No,0,679.68
1/4/2025,INV100041,CUST6763,36-45,Female,Perak,Hijabs,Printed Hijab,Year End,118.3,5,591.5,Credit Card,Instagram,Yes,17.28,574.22
9/6/2025,INV100042,CUST1475,46-60,Female,Perak,Bottoms,Slim Fit Jeans,Normal,185.52,5,927.6,Cash,Instagram,Yes,8.78,918.82
8/8/2025,INV100043,CUST3223,46-60,Male,Selangor,Accessories,Scarf,Ramadan,58.1,3,174.3,E-Wallet (TnG),Instagram,No,0,174.3
8/4/2025,INV100044,CUST5133,18-25,Female,Selangor,Hijabs,Silk Hijab,Ramadan,60.36,1,60.36,Cash,Online,Yes,13.97,46.39
1/11/2025,INV100045,CUST3496,26-35,Male,Negeri Sembilan,Tops,Linen Tunic,Chinese New Year,103.71,3,311.13,E-Wallet (TnG),In-Store,Yes,40,271.13
3/25/2025,INV100046,CUST6096,18-25,Others,Selangor,Accessories,Bangles,Normal,141.92,4,567.68,E-Wallet (GrabPay),In-Store,Yes,31.64,536.04
11/18/2025,INV100047,CUST4978,18-25,Others,Sabah,Hijabs,Silk Hijab,Normal,163.32,5,816.5999999999999,Cash,Shopee,No,0,816.5999999999999
12/5/2025,INV100048,CUST7071,18-25,Others,Sarawak,Tops,Cotton Shirt,Hari Raya,39,3,117,E-Wallet (GrabPay),In-Store,No,0,117
4/1/2025,INV100049,CUST9548,36-45,Others,Negeri Sembilan,Footwear,Sneakers,Year End,126.65,3,379.95000000000005,Credit Card,Online,No,0,379.95000000000005
8/19/2025,INV100050,CUST4995,46-60,Others,Perak,Accessories,Handbag,Hari Raya,173.17,2,346.34,E-Wallet (GrabPay),In-Store,No,0,346.34
5/13/2025,INV100051,CUST6576,36-45,Others,Sabah,Hijabs,Silk Hijab,Merdeka,190.65,1,190.65,Credit Card,Instagram,No,0,190.65
10/12/2025,INV100052,CUST4937,46-60,Others,Negeri Sembilan,Footwear,Heels,Normal,36.75,2,73.5,E-Wallet (GrabPay),In-Store,No,0,73.5
12/6/2025,INV100053,CUST7046,46-60,Others,Sarawak,Footwear,Sandals,Merdeka,79.54,4,318.16,E-Wallet (TnG),Shopee,No,0,318.16
4/29/2025,INV100054,CUST2976,26-35,Female,Kuala Lumpur,Hijabs,Printed Hijab,Chinese New Year,54.48,4,217.92,E-Wallet (TnG),Shopee,Yes,42.47,175.45
6/1/2025,INV100055,CUST4727,36-45,Male,Sabah,Tops,Linen Tunic,Normal,116.14,3,348.42,Cash,Online,No,0,348.42
12/24/2025,INV100056,CUST3068,46-60,Male,Selangor,Hijabs,Cotton Hijab,Hari Raya,106.17,3,318.51,Credit Card,Online,No,0,318.51
9/2/2025,INV100057,CUST2869,18-25,Female,Negeri Sembilan,Tops,Linen Tunic,Normal,133.3,1,133.3,Credit Card,In-Store,No,0,133.3
2/13/2025,INV100058,CUST5066,18-25,Others,Perak,Hijabs,Printed Hijab,Merdeka,60.62,5,303.09999999999997,E-Wallet (GrabPay),Instagram,No,0,303.09999999999997
6/2/2025,INV100059,CUST8025,36-45,Others,Selangor,Hijabs,Printed Hijab,Normal,37.86,2,75.72,Credit Card,Shopee,Yes,12.07,63.65
3/30/2025,INV100060,CUST2229,26-35,Male,Perak,Footwear,Sandals,Normal,126.89,3,380.67,Cash,In-Store,No,0,380.67
12/28/2025,INV100061,CUST5632,46-60,Male,Johor,Accessories,Bangles,Merdeka,139.01,2,278.02,E-Wallet (GrabPay),Online,Yes,34.14,243.88
5/17/2025,INV100062,CUST3330,18-25,Male,Penang,Accessories,Bangles,Year End,168.36,3,505.08000000000004,E-Wallet (GrabPay),Online,No,0,505.08000000000004
12/19/2025,INV100063,CUST5982,46-60,Female,Negeri Sembilan,Footwear,Heels,Merdeka,27.17,4,108.68,E-Wallet (TnG),Shopee,Yes,9.11,99.57000000000001
12/12/2025,INV100064,CUST1339,36-45,Others,Selangor,Bottoms,Slim Fit Jeans,Merdeka,137.27,3,411.81000000000006,Credit Card,Instagram,No,0,411.81000000000006
2/16/2025,INV100065,CUST8700,36-45,Female,Sarawak,Accessories,Bangles,New Year,174.39,3,523.17,E-Wallet (GrabPay),Instagram,No,0,523.17
12/6/2025,INV100066,CUST7561,18-25,Female,Kuala Lumpur,Accessories,Scarf,Ramadan,40.87,4,163.48,Cash,Instagram,No,0,163.48
1/28/2025,INV100067,CUST4073,36-45,Others,Negeri Sembilan,Footwear,Heels,Chinese New Year,68.07,2,136.14,E-Wallet (TnG),Instagram,No,0,136.14
3/4/2025,INV100068,CUST1472,26-35,Others,Penang,Accessories,Bangles,Normal,22.46,4,89.84,Cash,In-Store,Yes,25.77,64.07000000000001
3/2/2025,INV100069,CUST3522,46-60,Others,Sabah,Hijabs,Printed Hijab,Normal,69.22,4,276.88,E-Wallet (GrabPay),In-Store,No,0,276.88
10/10/2025,INV100070,CUST3369,46-60,Male,Penang,Tops,Cotton Shirt,Normal,159.08,4,636.32,E-Wallet (TnG),Shopee,Yes,17.73,618.59
6/2/2025,INV100071,CUST9022,26-35,Female,Negeri Sembilan,Accessories,Scarf,Normal,119.35,5,596.75,E-Wallet (GrabPay),Instagram,No,0,596.75
4/7/2025,INV100072,CUST4912,46-60,Male,Perak,Tops,Cotton Shirt,Year End,105.14,4,420.56,E-Wallet (GrabPay),In-Store,No,0,420.56
1/19/2025,INV100073,CUST3068,36-45,Male,Negeri Sembilan,Tops,Linen Tunic,Hari Raya,22.76,2,45.52,E-Wallet (GrabPay),In-Store,Yes,26.13,19.390000000000004
5/16/2025,INV100074,CUST6546,46-60,Others,Kuala Lumpur,Accessories,Bangles,Merdeka,88.4,3,265.20000000000005,E-Wallet (GrabPay),Online,Yes,15.56,249.64000000000004
12/17/2025,INV100075,CUST5708,26-35,Others,Kuala Lumpur,Footwear,Heels,Year End,146.7,1,146.7,E-Wallet (GrabPay),In-Store,No,0,146.7
1/15/2025,INV100076,CUST1753,36-45,Male,Sabah,Accessories,Scarf,Hari Raya,46.2,5,231,E-Wallet (GrabPay),In-Store,Yes,12.88,218.12
11/9/2025,INV100077,CUST7267,26-35,Female,Penang,Bottoms,Slim Fit Jeans,Normal,134.82,4,539.28,E-Wallet (TnG),Online,No,0,539.28
5/28/2025,INV100078,CUST9955,26-35,Male,Negeri Sembilan,Accessories,Bangles,Ramadan,135.01,4,540.04,E-Wallet (TnG),Instagram,No,0,540.04
4/12/2025,INV100079,CUST7302,46-60,Male,Johor,Footwear,Sandals,Ramadan,123.47,3,370.40999999999997,Cash,Instagram,No,0,370.40999999999997
1/5/2025,INV100080,CUST1803,46-60,Female,Johor,Hijabs,Cotton Hijab,Chinese New Year,134.59,5,672.95,E-Wallet (TnG),In-Store,Yes,45.65,627.3000000000001
11/27/2025,INV100081,CUST1645,36-45,Female,Selangor,Hijabs,Cotton Hijab,Normal,151.82,1,151.82,E-Wallet (TnG),Shopee,No,0,151.82
3/31/2025,INV100082,CUST4289,26-35,Others,Sarawak,Hijabs,Printed Hijab,Normal,184.43,2,368.86,E-Wallet (TnG),Instagram,No,0,368.86
6/23/2025,INV100083,CUST2886,46-60,Male,Penang,Bottoms,Palazzo Pants,Normal,150.36,4,601.44,E-Wallet (TnG),Online,No,0,601.44
1/8/2025,INV100084,CUST5332,18-25,Female,Sarawak,Accessories,Bangles,Hari Raya,168.04,3,504.12,Cash,In-Store,No,0,504.12
1/13/2025,INV100085,CUST6374,26-35,Others,Kuala Lumpur,Footwear,Sandals,Ramadan,136.86,1,136.86,Credit Card,Online,Yes,18.7,118.16000000000001
9/10/2025,INV100086,CUST2902,18-25,Male,Penang,Footwear,Sneakers,Normal,86.78,5,433.9,E-Wallet (GrabPay),In-Store,No,0,433.9
12/2/2025,INV100087,CUST2622,46-60,Others,Perak,Accessories,Handbag,Year End,86.7,4,346.8,E-Wallet (GrabPay),In-Store,No,0,346.8
2/20/2025,INV100088,CUST7018,36-45,Male,Perak,Accessories,Handbag,New Year,190.82,4,763.28,Cash,In-Store,Yes,7.28,756
6/20/2025,INV100089,CUST4990,26-35,Others,Johor,Tops,Linen Tunic,Normal,57.29,2,114.58,Credit Card,Shopee,Yes,40.49,74.09
11/2/2025,INV100090,CUST1046,36-45,Male,Penang,Hijabs,Cotton Hijab,Normal,163.73,1,163.73,Cash,In-Store,Yes,21.12,142.60999999999999
5/2/2025,INV100091,CUST6304,18-25,Male,Sabah,Tops,Floral Blouse,Year End,95.77,1,95.77,Cash,Instagram,No,0,95.77
7/5/2025,INV100092,CUST9408,18-25,Female,Johor,Hijabs,Silk Hijab,Normal,150.9,5,754.5,E-Wallet (TnG),Instagram,Yes,7.74,746.76
9/3/2025,INV100093,CUST7580,46-60,Others,Kuala Lumpur,Footwear,Sandals,Normal,183.75,1,183.75,Cash,Shopee,Yes,7.96,175.79
5/21/2025,INV100094,CUST9984,36-45,Female,Sabah,Footwear,Sandals,Merdeka,97.44,1,97.44,Credit Card,Instagram,No,0,97.44
4/27/2025,INV100095,CUST7779,36-45,Female,Perak,Footwear,Sandals,New Year,76.26,3,228.78000000000003,E-Wallet (TnG),Shopee,Yes,35.91,192.87000000000003
8/31/2025,INV100096,CUST2099,18-25,Male,Kuala Lumpur,Footwear,Heels,Year End,152.98,2,305.96,Cash,Shopee,Yes,23.49,282.46999999999997
12/7/2025,INV100097,CUST7929,18-25,Female,Sabah,Accessories,Handbag,Merdeka,111.33,2,222.66,E-Wallet (GrabPay),In-Store,Yes,20.76,201.9
10/12/2025,INV100098,CUST7022,18-25,Female,Johor,Footwear,Sandals,Normal,195.42,5,977.0999999999999,Cash,Shopee,Yes,13.12,963.9799999999999
12/26/2025,INV100099,CUST6062,36-45,Female,Selangor,Bottoms,Batik Skirt,Merdeka,138.32,1,138.32,Credit Card,Online,Yes,38.58,99.74
4/21/2025,INV100100,CUST7163,46-60,Female,Sarawak,Bottoms,Slim Fit Jeans,Ramadan,149.89,5,749.4499999999999,Cash,Online,Yes,12.08,737.3699999999999
11/13/2025,INV100101,CUST1815,18-25,Female,Negeri Sembilan,Footwear,Sneakers,Normal,129.27,4,517.08,E-Wallet (TnG),In-Store,Yes,20.53,496.55000000000007
2/26/2025,INV100102,CUST5640,46-60,Others,Sabah,Tops,Floral Blouse,Hari Raya,197.2,1,197.2,Cash,In-Store,No,0,197.2
4/19/2025,INV100103,CUST3248,36-45,Female,Sarawak,Tops,Floral Blouse,Hari Raya,154.46,2,308.92,Credit Card,Instagram,Yes,27.51,281.41
12/9/2025,INV100104,CUST6802,18-25,Female,Selangor,Footwear,Heels,Hari Raya,185.81,3,557.4300000000001,E-Wallet (GrabPay),Instagram,No,0,557.4300000000001
5/29/2025,INV100105,CUST2887,46-60,Male,Sarawak,Bottoms,Palazzo Pants,Hari Raya,169.76,3,509.28,Cash,Instagram,Yes,15.95,493.33
10/29/2025,INV100106,CUST7560,18-25,Female,Sabah,Accessories,Handbag,Normal,79.95,2,159.9,Cash,Online,Yes,45.77,114.13
6/28/2025,INV100107,CUST6752,26-35,Male,Kuala Lumpur,Bottoms,Slim Fit Jeans,Normal,55.51,5,277.55,Credit Card,Online,Yes,47.81,229.74
11/18/2025,INV100108,CUST9095,46-60,Others,Negeri Sembilan,Hijabs,Printed Hijab,Normal,134.35,5,671.75,E-Wallet (TnG),Shopee,Yes,24.79,646.96
8/29/2025,INV100109,CUST8245,36-45,Female,Selangor,Accessories,Bangles,New Year,75.87,4,303.48,Cash,Online,No,0,303.48
5/27/2025,INV100110,CUST2257,18-25,Others,Perak,Footwear,Sandals,Merdeka,191.76,1,191.76,E-Wallet (GrabPay),In-Store,No,0,191.76
11/6/2025,INV100111,CUST8792,26-35,Male,Negeri Sembilan,Tops,Cotton Shirt,Normal,196.83,1,196.83,Credit Card,Online,Yes,36.84,159.99
8/13/2025,INV100112,CUST9586,26-35,Female,Sarawak,Accessories,Scarf,Hari Raya,159.4,5,797,Cash,Shopee,Yes,19.84,777.16
10/13/2025,INV100113,CUST7333,36-45,Female,Penang,Accessories,Handbag,Normal,124.89,2,249.78,E-Wallet (TnG),Shopee,No,0,249.78
3/8/2025,INV100114,CUST2388,36-45,Others,Perak,Accessories,Handbag,Normal,140.62,5,703.1,Cash,Instagram,No,0,703.1
1/10/2025,INV100115,CUST6940,36-45,Male,Johor,Accessories,Scarf,Chinese New Year,60.78,2,121.56,Credit Card,Online,No,0,121.56
2/21/2025,INV100116,CUST9317,18-25,Others,Sarawak,Hijabs,Silk Hijab,Merdeka,87.81,2,175.62,Credit Card,In-Store,No,0,175.62
1/23/2025,INV100117,CUST7731,36-45,Others,Johor,Footwear,Sandals,Ramadan,155.43,4,621.72,Credit Card,In-Store,No,0,621.72
8/29/2025,INV100118,CUST4178,36-45,Others,Negeri Sembilan,Footwear,Sneakers,Hari Raya,110.52,4,442.08,Credit Card,In-Store,Yes,44.29,397.78999999999996
1/27/2025,INV100119,CUST8873,36-45,Others,Kuala Lumpur,Hijabs,Silk Hijab,Ramadan,35.1,2,70.2,E-Wallet (TnG),Instagram,Yes,42.4,27.800000000000004
2/16/2025,INV100120,CUST4637,46-60,Female,Selangor,Footwear,Heels,Hari Raya,110.36,2,220.72,E-Wallet (GrabPay),Online,No,0,220.72
4/25/2025,INV100121,CUST1461,36-45,Male,Sarawak,Bottoms,Batik Skirt,New Year,71.64,4,286.56,Credit Card,Instagram,No,0,286.56
11/12/2025,INV100122,CUST1086,18-25,Male,Sabah,Bottoms,Batik Skirt,Normal,118.78,5,593.9,E-Wallet (GrabPay),Online,No,0,593.9
5/2/2025,INV100123,CUST5934,18-25,Male,Johor,Footwear,Sandals,Merdeka,102.28,1,102.28,E-Wallet (GrabPay),Online,Yes,37.33,64.95
5/30/2025,INV100124,CUST8032,18-25,Others,Sarawak,Bottoms,Palazzo Pants,Hari Raya,53.72,1,53.72,E-Wallet (TnG),Online,Yes,22.57,31.15
8/29/2025,INV100125,CUST1713,46-60,Female,Sabah,Tops,Cotton Shirt,New Year,82.06,1,82.06,E-Wallet (TnG),In-Store,Yes,20.85,61.21
6/23/2025,INV100126,CUST3868,46-60,Others,Negeri Sembilan,Bottoms,Batik Skirt,Normal,31.36,4,125.44,Cash,Shopee,Yes,6.97,118.47
4/13/2025,INV100127,CUST1686,36-45,Female,Perak,Hijabs,Cotton Hijab,Ramadan,26.59,2,53.18,E-Wallet (TnG),Shopee,Yes,43.96,9.219999999999999
6/19/2025,INV100128,CUST5476,18-25,Female,Perak,Footwear,Sandals,Normal,99.15,4,396.6,E-Wallet (TnG),In-Store,No,0,396.6
12/21/2025,INV100129,CUST9151,36-45,Others,Sabah,Tops,Linen Tunic,Hari Raya,34.21,5,171.05,Credit Card,Shopee,No,0,171.05
2/22/2025,INV100130,CUST2311,36-45,Others,Sabah,Accessories,Scarf,Merdeka,149.18,2,298.36,E-Wallet (GrabPay),Shopee,No,0,298.36
1/22/2025,INV100131,CUST6776,46-60,Female,Selangor,Tops,Linen Tunic,Year End,93.12,5,465.6,Credit Card,Online,Yes,43.19,422.41
12/14/2025,INV100132,CUST8179,18-25,Male,Kuala Lumpur,Bottoms,Palazzo Pants,Ramadan,85.19,5,425.95,Cash,In-Store,No,0,425.95
7/9/2025,INV100133,CUST7095,46-60,Male,Penang,Hijabs,Cotton Hijab,Normal,91.65,3,274.95000000000005,Credit Card,Online,Yes,38.11,236.84000000000003
9/13/2025,INV100134,CUST9482,46-60,Others,Kuala Lumpur,Accessories,Scarf,Normal,146.73,2,293.46,E-Wallet (TnG),Instagram,Yes,10.52,282.94
2/7/2025,INV100135,CUST8406,26-35,Others,Negeri Sembilan,Tops,Linen Tunic,Ramadan,140.21,1,140.21,E-Wallet (TnG),Shopee,Yes,37.03,103.18
12/25/2025,INV100136,CUST3852,36-45,Others,Johor,Tops,Floral Blouse,Chinese New Year,62.61,4,250.44,Cash,Shopee,No,0,250.44
8/28/2025,INV100137,CUST3126,18-25,Male,Sabah,Footwear,Sandals,Year End,106.16,4,424.64,E-Wallet (GrabPay),Online,Yes,48.76,375.88
11/25/2025,INV100138,CUST2215,46-60,Female,Sarawak,Bottoms,Palazzo Pants,Normal,135.16,2,270.32,Credit Card,Instagram,Yes,42.41,227.91
9/23/2025,INV100139,CUST3507,36-45,Male,Penang,Accessories,Bangles,Normal,60.58,5,302.9,E-Wallet (TnG),Online,No,0,302.9
4/11/2025,INV100140,CUST5496,26-35,Others,Sabah,Hijabs,Printed Hijab,New Year,110.46,2,220.92,Credit Card,In-Store,No,0,220.92
10/16/2025,INV100141,CUST1674,18-25,Male,Selangor,Hijabs,Cotton Hijab,Normal,137.2,5,686,E-Wallet (GrabPay),Online,No,0,686
11/18/2025,INV100142,CUST9938,36-45,Others,Sabah,Footwear,Heels,Normal,164.84,4,659.36,E-Wallet (TnG),Instagram,Yes,35.99,623.37
3/22/2025,INV100143,CUST8202,46-60,Female,Negeri Sembilan,Bottoms,Slim Fit Jeans,Normal,129.2,3,387.59999999999997,E-Wallet (TnG),Shopee,No,0,387.59999999999997
3/8/2025,INV100144,CUST7070,18-25,Female,Johor,Footwear,Heels,Normal,68.14,2,136.28,Credit Card,Online,Yes,18.06,118.22
7/16/2025,INV100145,CUST7850,26-35,Male,Sarawak,Hijabs,Printed Hijab,Normal,76.29,2,152.58,E-Wallet (GrabPay),Instagram,No,0,152.58
6/7/2025,INV100146,CUST9148,18-25,Male,Perak,Hijabs,Cotton Hijab,Normal,194,2,388,E-Wallet (TnG),Online,Yes,17.66,370.34
11/2/2025,INV100147,CUST8710,36-45,Others,Selangor,Tops,Cotton Shirt,Normal,44.11,3,132.32999999999998,E-Wallet (TnG),Instagram,No,0,132.32999999999998
1/24/2025,INV100148,CUST7563,18-25,Others,Johor,Accessories,Bangles,Ramadan,33.24,5,166.20000000000002,E-Wallet (GrabPay),Shopee,Yes,10.79,155.41000000000003
2/19/2025,INV100149,CUST7453,36-45,Female,Sarawak,Bottoms,Batik Skirt,Merdeka,111.64,5,558.2,Cash,Online,Yes,11.17,547.0300000000001
6/20/2025,INV100150,CUST8761,46-60,Male,Penang,Accessories,Bangles,Normal,77.34,4,309.36,E-Wallet (TnG),Shopee,No,0,309.36
12/29/2025,INV100151,CUST5911,46-60,Male,Sarawak,Accessories,Bangles,New Year,196.38,5,981.9,E-Wallet (TnG),Online,No,0,981.9
5/16/2025,INV100152,CUST4728,18-25,Others,Negeri Sembilan,Bottoms,Palazzo Pants,Year End,149.81,4,599.24,Credit Card,In-Store,Yes,30.77,568.47
12/25/2025,INV100153,CUST2800,26-35,Male,Negeri Sembilan,Accessories,Scarf,Chinese New Year,94.33,2,188.66,E-Wallet (GrabPay),Instagram,Yes,36.76,151.9
9/23/2025,INV100154,CUST4397,36-45,Others,Negeri Sembilan,Hijabs,Cotton Hijab,Normal,76.48,2,152.96,E-Wallet (GrabPay),Shopee,No,0,152.96
12/13/2025,INV100155,CUST5331,46-60,Male,Johor,Accessories,Bangles,Ramadan,60.48,3,181.44,E-Wallet (TnG),In-Store,No,0,181.44
6/12/2025,INV100156,CUST8861,36-45,Others,Sabah,Accessories,Handbag,Normal,123.23,5,616.15,E-Wallet (GrabPay),Instagram,No,0,616.15
3/16/2025,INV100157,CUST5758,18-25,Female,Kuala Lumpur,Accessories,Scarf,Normal,138.07,4,552.28,Credit Card,In-Store,No,0,552.28
10/15/2025,INV100158,CUST5450,26-35,Male,Johor,Bottoms,Batik Skirt,Normal,140.57,5,702.8499999999999,Credit Card,In-Store,Yes,9.51,693.3399999999999
6/19/2025,INV100159,CUST8739,18-25,Others,Penang,Tops,Linen Tunic,Normal,196.02,2,392.04,E-Wallet (GrabPay),Instagram,No,0,392.04
11/30/2025,INV100160,CUST4267,36-45,Female,Sabah,Tops,Floral Blouse,Normal,137.41,2,274.82,Cash,In-Store,No,0,274.82
4/1/2025,INV100161,CUST1595,46-60,Female,Penang,Accessories,Handbag,New Year,73.71,5,368.54999999999995,Cash,Shopee,No,0,368.54999999999995
8/21/2025,INV100162,CUST9901,46-60,Male,Negeri Sembilan,Accessories,Handbag,New Year,79.52,4,318.08,E-Wallet (TnG),In-Store,Yes,38.15,279.93
6/1/2025,INV100163,CUST4164,26-35,Others,Perak,Footwear,Sandals,Normal,79.03,4,316.12,Cash,In-Store,Yes,26.49,289.63
5/8/2025,INV100164,CUST1111,36-45,Female,Johor,Footwear,Sneakers,Ramadan,74.35,5,371.75,Cash,Shopee,No,0,371.75
12/21/2025,INV100165,CUST4871,18-25,Others,Kuala Lumpur,Footwear,Sneakers,Chinese New Year,92.97,5,464.85,E-Wallet (TnG),Online,No,0,464.85
7/8/2025,INV100166,CUST4618,26-35,Male,Negeri Sembilan,Bottoms,Slim Fit Jeans,Normal,154.59,5,772.95,E-Wallet (TnG),Instagram,No,0,772.95
10/3/2025,INV100167,CUST4578,26-35,Others,Kuala Lumpur,Hijabs,Cotton Hijab,Normal,115.07,3,345.21,Cash,Online,Yes,42.29,302.91999999999996
9/16/2025,INV100168,CUST4312,26-35,Male,Sarawak,Hijabs,Cotton Hijab,Normal,40.92,2,81.84,E-Wallet (GrabPay),Online,No,0,81.84
1/29/2025,INV100169,CUST8429,26-35,Others,Perak,Footwear,Sandals,New Year,120.58,3,361.74,Cash,Instagram,No,0,361.74
1/2/2025,INV100170,CUST4570,18-25,Male,Perak,Accessories,Bangles,New Year,117.41,1,117.41,Cash,Instagram,Yes,17.92,99.49
4/3/2025,INV100171,CUST3218,46-60,Female,Perak,Footwear,Sneakers,Hari Raya,34.44,5,172.2,Credit Card,Shopee,Yes,13.03,159.17
10/3/2025,INV100172,CUST7439,26-35,Others,Johor,Tops,Floral Blouse,Normal,196.13,4,784.52,E-Wallet (GrabPay),Instagram,Yes,16.14,768.38
6/27/2025,INV100173,CUST3541,36-45,Male,Kuala Lumpur,Tops,Linen Tunic,Normal,95.46,1,95.46,Credit Card,In-Store,Yes,9.54,85.91999999999999
1/18/2025,INV100174,CUST8314,18-25,Male,Selangor,Footwear,Sneakers,Chinese New Year,117.16,1,117.16,Credit Card,Shopee,Yes,41.71,75.44999999999999
10/22/2025,INV100175,CUST6224,36-45,Male,Sabah,Bottoms,Palazzo Pants,Normal,113.83,4,455.32,E-Wallet (TnG),Shopee,Yes,30.05,425.27
10/30/2025,INV100176,CUST3869,46-60,Others,Negeri Sembilan,Tops,Cotton Shirt,Normal,189.49,4,757.96,E-Wallet (TnG),Instagram,No,0,757.96
3/18/2025,INV100177,CUST5913,46-60,Male,Negeri Sembilan,Bottoms,Batik Skirt,Normal,74.13,2,148.26,E-Wallet (GrabPay),Online,No,0,148.26
8/2/2025,INV100178,CUST9683,26-35,Female,Johor,Accessories,Handbag,Ramadan,136.41,4,545.64,E-Wallet (TnG),Online,Yes,7.32,538.3199999999999
7/13/2025,INV100179,CUST1647,18-25,Male,Johor,Footwear,Heels,Normal,176.51,3,529.53,E-Wallet (TnG),Online,Yes,47.17,482.35999999999996
3/2/2025,INV100180,CUST8846,26-35,Others,Johor,Footwear,Heels,Normal,119.37,3,358.11,E-Wallet (GrabPay),Instagram,No,0,358.11
6/7/2025,INV100181,CUST5285,36-45,Others,Negeri Sembilan,Footwear,Heels,Normal,164.51,4,658.04,E-Wallet (TnG),In-Store,No,0,658.04
6/10/2025,INV100182,CUST7781,18-25,Others,Johor,Bottoms,Batik Skirt,Normal,66.94,5,334.7,E-Wallet (GrabPay),Shopee,Yes,13.83,320.87
4/28/2025,INV100183,CUST7223,26-35,Female,Sarawak,Accessories,Scarf,Year End,135.51,4,542.04,E-Wallet (GrabPay),In-Store,No,0,542.04
3/28/2025,INV100184,CUST3293,46-60,Male,Selangor,Hijabs,Silk Hijab,Normal,171.03,1,171.03,Cash,Online,No,0,171.03
3/12/2025,INV100185,CUST4791,18-25,Others,Penang,Tops,Floral Blouse,Normal,111.03,3,333.09000000000003,Cash,Instagram,No,0,333.09000000000003
1/9/2025,INV100186,CUST1108,46-60,Male,Selangor,Hijabs,Printed Hijab,Ramadan,116.43,3,349.29,Cash,Instagram,Yes,9.82,339.47
2/19/2025,INV100187,CUST9591,26-35,Male,Johor,Hijabs,Printed Hijab,Ramadan,166.74,3,500.22,E-Wallet (GrabPay),Online,No,0,500.22
7/27/2025,INV100188,CUST8520,26-35,Others,Johor,Accessories,Bangles,Normal,169.05,1,169.05,Cash,Online,No,0,169.05
7/14/2025,INV100189,CUST7179,46-60,Male,Selangor,Bottoms,Batik Skirt,Normal,109.97,4,439.88,E-Wallet (TnG),Online,Yes,15.34,424.54
12/21/2025,INV100190,CUST8790,36-45,Male,Kuala Lumpur,Accessories,Bangles,Merdeka,138.46,2,276.92,E-Wallet (TnG),Online,Yes,31.42,245.5
12/31/2025,INV100191,CUST7525,18-25,Female,Penang,Hijabs,Silk Hijab,Merdeka,170.24,4,680.96,E-Wallet (TnG),Instagram,Yes,40.57,640.39
12/19/2025,INV100192,CUST2284,36-45,Male,Kuala Lumpur,Footwear,Heels,New Year,81.31,5,406.55,E-Wallet (GrabPay),Shopee,Yes,33.54,373.01
8/19/2025,INV100193,CUST9038,26-35,Female,Perak,Footwear,Heels,Year End,125.46,4,501.84,Cash,Shopee,Yes,37.09,464.75
2/12/2025,INV100194,CUST5390,26-35,Female,Penang,Footwear,Sneakers,Ramadan,39.18,1,39.18,E-Wallet (TnG),Instagram,No,0,39.18
5/19/2025,INV100195,CUST2674,26-35,Male,Penang,Footwear,Sneakers,Merdeka,119.85,4,479.4,Cash,Online,Yes,20.93,458.46999999999997
2/17/2025,INV100196,CUST6315,46-60,Male,Sabah,Footwear,Sneakers,New Year,150.47,5,752.35,Credit Card,In-Store,No,0,752.35
3/28/2025,INV100197,CUST3274,36-45,Female,Sabah,Footwear,Heels,Normal,31.39,4,125.56,E-Wallet (TnG),Instagram,No,0,125.56
9/5/2025,INV100198,CUST2260,36-45,Female,Johor,Footwear,Sandals,Normal,131,4,524,Cash,In-Store,No,0,524
1/4/2025,INV100199,CUST7483,36-45,Others,Perak,Accessories,Scarf,Ramadan,97.51,5,487.55,Credit Card,Shopee,No,0,487.55
11/5/2025,INV100200,CUST4290,46-60,Female,Penang,Footwear,Sneakers,Normal,72.46,4,289.84,Credit Card,Shopee,No,0,289.84
5/24/2025,INV100201,CUST7437,36-45,Male,Johor,Hijabs,Printed Hijab,Chinese New Year,142.71,5,713.5500000000001,Cash,Instagram,Yes,24.73,688.82
5/30/2025,INV100202,CUST2133,46-60,Others,Negeri Sembilan,Bottoms,Palazzo Pants,Ramadan,63.56,2,127.12,E-Wallet (GrabPay),Instagram,Yes,25.21,101.91
11/3/2025,INV100203,CUST8851,46-60,Others,Perak,Hijabs,Silk Hijab,Normal,162.33,3,486.99,Cash,Online,Yes,34.59,452.4
7/1/2025,INV100204,CUST3725,18-25,Others,Perak,Accessories,Scarf,Normal,39.07,1,39.07,E-Wallet (TnG),In-Store,Yes,25.06,14.010000000000002
7/20/2025,INV100205,CUST8586,26-35,Female,Selangor,Footwear,Heels,Normal,73.18,1,73.18,Cash,In-Store,No,0,73.18
6/9/2025,INV100206,CUST6620,46-60,Male,Negeri Sembilan,Accessories,Scarf,Normal,37.57,4,150.28,E-Wallet (TnG),Online,No,0,150.28
1/23/2025,INV100207,CUST2885,18-25,Female,Kuala Lumpur,Bottoms,Palazzo Pants,Chinese New Year,112.88,5,564.4,Credit Card,Shopee,No,0,564.4
8/25/2025,INV100208,CUST4798,46-60,Others,Penang,Bottoms,Palazzo Pants,Year End,97.78,1,97.78,Credit Card,Instagram,No,0,97.78
7/19/2025,INV100209,CUST1072,26-35,Male,Sabah,Tops,Linen Tunic,Normal,38.32,5,191.6,Credit Card,Shopee,No,0,191.6
4/11/2025,INV100210,CUST8496,18-25,Female,Negeri Sembilan,Hijabs,Printed Hijab,Ramadan,127.45,5,637.25,E-Wallet (GrabPay),Online,No,0,637.25
6/30/2025,INV100211,CUST8501,26-35,Others,Sabah,Hijabs,Printed Hijab,Normal,35.26,2,70.52,E-Wallet (TnG),Online,Yes,18.74,51.78
4/4/2025,INV100212,CUST7116,26-35,Others,Perak,Footwear,Sandals,Chinese New Year,123.47,4,493.88,Credit Card,Instagram,Yes,29.97,463.90999999999997
9/8/2025,INV100213,CUST5732,26-35,Male,Sarawak,Footwear,Sandals,Normal,29.65,3,88.94999999999999,Cash,Instagram,Yes,13.78,75.16999999999999
7/16/2025,INV100214,CUST9281,46-60,Female,Negeri Sembilan,Footwear,Sandals,Normal,171.18,4,684.72,Credit Card,Online,Yes,40.81,643.9100000000001
4/23/2025,INV100215,CUST5785,18-25,Female,Johor,Hijabs,Cotton Hijab,Chinese New Year,160.53,5,802.65,E-Wallet (GrabPay),Online,Yes,17.06,785.59
10/6/2025,INV100216,CUST7010,18-25,Others,Negeri Sembilan,Hijabs,Silk Hijab,Normal,198.16,1,198.16,Credit Card,Shopee,Yes,25.24,172.92
6/28/2025,INV100217,CUST2425,46-60,Male,Johor,Bottoms,Palazzo Pants,Normal,125.83,3,377.49,E-Wallet (GrabPay),In-Store,Yes,40.32,337.17
4/16/2025,INV100218,CUST1972,36-45,Others,Sabah,Hijabs,Printed Hijab,Chinese New Year,78.26,3,234.78000000000003,E-Wallet (TnG),Shopee,Yes,11.1,223.68000000000004
7/30/2025,INV100219,CUST1971,36-45,Others,Penang,Bottoms,Batik Skirt,Normal,46.32,3,138.96,Credit Card,Instagram,No,0,138.96
3/14/2025,INV100220,CUST5402,46-60,Female,Negeri Sembilan,Tops,Linen Tunic,Normal,163.03,1,163.03,E-Wallet (GrabPay),Shopee,No,0,163.03
8/21/2025,INV100221,CUST8996,36-45,Others,Selangor,Tops,Linen Tunic,Hari Raya,134.27,3,402.81000000000006,Cash,Instagram,Yes,48.57,354.24000000000007
4/19/2025,INV100222,CUST9105,36-45,Female,Sabah,Accessories,Bangles,Merdeka,43.51,4,174.04,E-Wallet (TnG),Online,Yes,9.48,164.56
8/24/2025,INV100223,CUST1266,18-25,Male,Negeri Sembilan,Footwear,Heels,Hari Raya,56.42,2,112.84,E-Wallet (TnG),In-Store,No,0,112.84
2/17/2025,INV100224,CUST6905,36-45,Male,Sarawak,Bottoms,Batik Skirt,Hari Raya,132.61,2,265.22,E-Wallet (GrabPay),Online,Yes,5.05,260.17
9/2/2025,INV100225,CUST2276,26-35,Others,Johor,Hijabs,Printed Hijab,Normal,100.11,1,100.11,E-Wallet (TnG),Online,No,0,100.11
12/22/2025,INV100226,CUST3165,46-60,Male,Johor,Footwear,Heels,Year End,165.07,1,165.07,E-Wallet (TnG),Shopee,No,0,165.07
3/12/2025,INV100227,CUST7270,26-35,Others,Penang,Tops,Linen Tunic,Normal,121.39,5,606.95,Credit Card,Instagram,No,0,606.95
4/20/2025,INV100228,CUST3480,46-60,Others,Negeri Sembilan,Bottoms,Batik Skirt,New Year,45.2,1,45.2,E-Wallet (GrabPay),Shopee,No,0,45.2
6/11/2025,INV100229,CUST3290,26-35,Female,Kuala Lumpur,Bottoms,Palazzo Pants,Normal,128.18,5,640.9000000000001,E-Wallet (TnG),Online,No,0,640.9000000000001
4/16/2025,INV100230,CUST9482,26-35,Others,Perak,Accessories,Bangles,New Year,161.08,2,322.16,E-Wallet (GrabPay),Instagram,Yes,15.85,306.31
11/23/2025,INV100231,CUST2163,18-25,Female,Sarawak,Bottoms,Slim Fit Jeans,Normal,174.95,5,874.75,E-Wallet (GrabPay),Shopee,Yes,39.32,835.43
2/7/2025,INV100232,CUST1273,18-25,Male,Sabah,Bottoms,Batik Skirt,New Year,190.76,4,763.04,E-Wallet (TnG),Instagram,No,0,763.04
12/26/2025,INV100233,CUST7590,18-25,Others,Penang,Accessories,Handbag,Ramadan,34.22,2,68.44,Credit Card,Shopee,No,0,68.44
10/28/2025,INV100234,CUST2083,36-45,Others,Perak,Bottoms,Batik Skirt,Normal,64.01,4,256.04,Cash,Instagram,Yes,18.92,237.12
12/3/2025,INV100235,CUST3877,18-25,Male,Penang,Tops,Floral Blouse,Hari Raya,191.54,5,957.6999999999999,E-Wallet (TnG),In-Store,No,0,957.6999999999999
3/6/2025,INV100236,CUST5403,18-25,Male,Sarawak,Footwear,Sneakers,Normal,114.29,3,342.87,Cash,Instagram,No,0,342.87
9/19/2025,INV100237,CUST6900,18-25,Female,Penang,Accessories,Handbag,Normal,65.92,1,65.92,Cash,In-Store,Yes,6.98,58.94
1/7/2025,INV100238,CUST5006,18-25,Female,Sarawak,Footwear,Heels,Chinese New Year,187.61,1,187.61,E-Wallet (GrabPay),In-Store,No,0,187.61
5/8/2025,INV100239,CUST7819,36-45,Female,Kuala Lumpur,Hijabs,Cotton Hijab,New Year,110.37,1,110.37,Credit Card,In-Store,Yes,47.93,62.440000000000005
2/5/2025,INV100240,CUST8620,36-45,Female,Sarawak,Tops,Linen Tunic,Hari Raya,21.43,2,42.86,E-Wallet (TnG),Shopee,Yes,25.88,16.98
10/30/2025,INV100241,CUST9083,26-35,Others,Johor,Bottoms,Batik Skirt,Normal,187.83,1,187.83,Credit Card,Shopee,Yes,47.79,140.04000000000002
1/1/2025,INV100242,CUST7164,36-45,Male,Johor,Hijabs,Silk Hijab,Hari Raya,108.57,1,108.57,Credit Card,Shopee,Yes,6.98,101.58999999999999
4/29/2025,INV100243,CUST9515,46-60,Others,Sarawak,Footwear,Sandals,New Year,124.54,5,622.7,Credit Card,Instagram,Yes,31.64,591.0600000000001
2/1/2025,INV100244,CUST8126,26-35,Male,Sabah,Accessories,Scarf,Hari Raya,146.13,3,438.39,E-Wallet (TnG),Instagram,No,0,438.39
4/30/2025,INV100245,CUST2223,26-35,Male,Kuala Lumpur,Bottoms,Batik Skirt,Chinese New Year,100.92,3,302.76,E-Wallet (GrabPay),Online,No,0,302.76
4/17/2025,INV100246,CUST8404,36-45,Female,Sabah,Tops,Floral Blouse,Chinese New Year,165.37,3,496.11,Cash,In-Store,No,0,496.11
3/17/2025,INV100247,CUST2494,26-35,Female,Perak,Hijabs,Silk Hijab,Normal,141.89,3,425.66999999999996,Credit Card,Online,No,0,425.66999999999996
8/20/2025,INV100248,CUST5093,18-25,Female,Kuala Lumpur,Bottoms,Batik Skirt,New Year,31.1,2,62.2,Credit Card,In-Store,No,0,62.2
7/10/2025,INV100249,CUST2376,36-45,Male,Selangor,Tops,Floral Blouse,Normal,182.45,4,729.8,Credit Card,Online,No,0,729.8
3/4/2025,INV100250,CUST1699,46-60,Male,Penang,Hijabs,Cotton Hijab,Normal,167.9,4,671.6,E-Wallet (GrabPay),Online,No,0,671.6
12/16/2025,INV100251,CUST7990,26-35,Female,Johor,Bottoms,Slim Fit Jeans,Ramadan,100.28,2,200.56,Cash,In-Store,No,0,200.56
9/13/2025,INV100252,CUST7750,46-60,Male,Kuala Lumpur,Accessories,Scarf,Normal,44.7,2,89.4,Credit Card,Online,No,0,89.4
7/3/2025,INV100253,CUST8859,46-60,Female,Sarawak,Footwear,Sneakers,Normal,52.37,3,157.10999999999999,Credit Card,Online,No,0,157.10999999999999
1/30/2025,INV100254,CUST8728,36-45,Others,Johor,Bottoms,Batik Skirt,Chinese New Year,138.24,3,414.72,Cash,In-Store,No,0,414.72
7/1/2025,INV100255,CUST3846,26-35,Male,Sarawak,Accessories,Bangles,Normal,25.08,3,75.24,Credit Card,In-Store,No,0,75.24
10/5/2025,INV100256,CUST6063,26-35,Female,Selangor,Tops,Floral Blouse,Normal,61.87,2,123.74,Cash,Instagram,Yes,19.93,103.81
11/11/2025,INV100257,CUST4300,26-35,Female,Penang,Accessories,Handbag,Normal,23.94,5,119.7,Credit Card,Online,No,0,119.7
2/7/2025,INV100258,CUST7120,46-60,Others,Kuala Lumpur,Accessories,Scarf,Ramadan,44.56,2,89.12,E-Wallet (GrabPay),Instagram,No,0,89.12
3/31/2025,INV100259,CUST6846,26-35,Others,Penang,Footwear,Sneakers,Normal,152.12,3,456.36,Credit Card,In-Store,Yes,47.7,408.66
10/21/2025,INV100260,CUST7415,18-25,Male,Sarawak,Hijabs,Silk Hijab,Normal,135.14,1,135.14,E-Wallet (GrabPay),In-Store,No,0,135.14
2/9/2025,INV100261,CUST4899,36-45,Female,Penang,Tops,Linen Tunic,Year End,135.04,3,405.12,E-Wallet (GrabPay),Online,No,0,405.12
4/18/2025,INV100262,CUST5088,18-25,Female,Sabah,Tops,Linen Tunic,New Year,28.67,4,114.68,E-Wallet (GrabPay),In-Store,No,0,114.68
9/10/2025,INV100263,CUST7204,36-45,Others,Perak,Tops,Cotton Shirt,Normal,161.97,5,809.85,Credit Card,In-Store,No,0,809.85
2/7/2025,INV100264,CUST1547,36-45,Male,Sarawak,Accessories,Handbag,New Year,81.53,4,326.12,Credit Card,Online,Yes,20.21,305.91
11/11/2025,INV100265,CUST8909,18-25,Female,Penang,Hijabs,Cotton Hijab,Normal,48.28,1,48.28,E-Wallet (TnG),In-Store,Yes,23.42,24.86
10/11/2025,INV100266,CUST9849,36-45,Others,Sabah,Accessories,Handbag,Normal,37.26,4,149.04,E-Wallet (GrabPay),In-Store,Yes,21.24,127.8
8/7/2025,INV100267,CUST2435,36-45,Others,Negeri Sembilan,Bottoms,Batik Skirt,New Year,57.25,3,171.75,Cash,Instagram,Yes,18.88,152.87
7/23/2025,INV100268,CUST8715,46-60,Others,Sabah,Tops,Linen Tunic,Normal,117.94,2,235.88,E-Wallet (TnG),Instagram,No,0,235.88
4/6/2025,INV100269,CUST8303,18-25,Female,Negeri Sembilan,Footwear,Sneakers,Chinese New Year,170.67,5,853.3499999999999,Cash,In-Store,Yes,8.86,844.4899999999999
6/26/2025,INV100270,CUST9871,46-60,Others,Johor,Hijabs,Silk Hijab,Normal,171.34,5,856.7,E-Wallet (GrabPay),Instagram,Yes,26.43,830.2700000000001
2/10/2025,INV100271,CUST7468,18-25,Others,Penang,Tops,Cotton Shirt,Chinese New Year,190.83,2,381.66,Credit Card,In-Store,Yes,6.92,374.74
2/10/2025,INV100272,CUST8133,26-35,Others,Penang,Hijabs,Cotton Hijab,Ramadan,183.94,1,183.94,Cash,Instagram,No,0,183.94
10/10/2025,INV100273,CUST6343,36-45,Others,Negeri Sembilan,Tops,Linen Tunic,Normal,132.15,5,660.75,E-Wallet (GrabPay),Online,No,0,660.75
3/18/2025,INV100274,CUST3428,18-25,Male,Kuala Lumpur,Accessories,Bangles,Normal,178.42,4,713.68,E-Wallet (TnG),Instagram,No,0,713.68
10/20/2025,INV100275,CUST8750,18-25,Male,Sabah,Footwear,Heels,Normal,131.28,4,525.12,Cash,Instagram,No,0,525.12
12/20/2025,INV100276,CUST4892,18-25,Others,Negeri Sembilan,Accessories,Scarf,New Year,80.82,3,242.45999999999998,E-Wallet (TnG),Shopee,No,0,242.45999999999998
12/23/2025,INV100277,CUST2609,26-35,Male,Sabah,Footwear,Sneakers,Ramadan,151.18,5,755.9000000000001,Cash,In-Store,No,0,755.9000000000001
4/19/2025,INV100278,CUST7671,46-60,Others,Sarawak,Tops,Linen Tunic,Chinese New Year,31.81,5,159.04999999999998,E-Wallet (GrabPay),In-Store,Yes,12.82,146.23
4/13/2025,INV100279,CUST1944,26-35,Male,Negeri Sembilan,Tops,Cotton Shirt,Year End,55.84,3,167.52,E-Wallet (GrabPay),Instagram,Yes,35.65,131.87
5/4/2025,INV100280,CUST7102,46-60,Others,Negeri Sembilan,Bottoms,Slim Fit Jeans,Merdeka,119.24,3,357.71999999999997,Credit Card,Shopee,Yes,17.83,339.89
7/17/2025,INV100281,CUST1813,26-35,Others,Johor,Bottoms,Palazzo Pants,Normal,60.52,2,121.04,E-Wallet (TnG),Instagram,Yes,43.91,77.13000000000001
12/16/2025,INV100282,CUST1145,46-60,Male,Penang,Hijabs,Silk Hijab,Chinese New Year,65.43,3,196.29000000000002,E-Wallet (TnG),Instagram,No,0,196.29000000000002
6/28/2025,INV100283,CUST8520,36-45,Male,Negeri Sembilan,Accessories,Bangles,Normal,113.71,5,568.55,E-Wallet (GrabPay),Online,Yes,28.02,540.53
12/6/2025,INV100284,CUST7131,36-45,Female,Kuala Lumpur,Footwear,Heels,Ramadan,197.9,3,593.7,E-Wallet (TnG),Shopee,No,0,593.7
4/7/2025,INV100285,CUST3456,26-35,Male,Perak,Accessories,Bangles,Chinese New Year,149.83,4,599.32,E-Wallet (TnG),Shopee,No,0,599.32
7/27/2025,INV100286,CUST7361,18-25,Others,Johor,Accessories,Bangles,Normal,148.41,5,742.05,E-Wallet (GrabPay),Shopee,No,0,742.05
3/29/2025,INV100287,CUST3967,36-45,Male,Negeri Sembilan,Bottoms,Palazzo Pants,Normal,66.56,5,332.8,Credit Card,Shopee,Yes,15,317.8
4/25/2025,INV100288,CUST6031,46-60,Female,Sarawak,Accessories,Bangles,Ramadan,103.48,1,103.48,E-Wallet (GrabPay),Online,Yes,26.25,77.23
4/10/2025,INV100289,CUST9199,18-25,Others,Perak,Hijabs,Cotton Hijab,Hari Raya,29.73,2,59.46,Credit Card,In-Store,No,0,59.46
7/29/2025,INV100290,CUST8496,26-35,Female,Penang,Tops,Cotton Shirt,Normal,79.87,2,159.74,E-Wallet (TnG),Online,Yes,25.34,134.4
4/18/2025,INV100291,CUST3762,26-35,Female,Kuala Lumpur,Bottoms,Palazzo Pants,Hari Raya,134.03,4,536.12,E-Wallet (GrabPay),Instagram,No,0,536.12
1/3/2025,INV100292,CUST1618,26-35,Others,Sarawak,Tops,Cotton Shirt,Merdeka,54.3,1,54.3,Credit Card,In-Store,No,0,54.3
6/9/2025,INV100293,CUST3112,18-25,Female,Sabah,Bottoms,Batik Skirt,Normal,168.29,3,504.87,E-Wallet (TnG),Instagram,No,0,504.87
8/11/2025,INV100294,CUST3192,36-45,Female,Sarawak,Bottoms,Batik Skirt,Hari Raya,23.44,2,46.88,Credit Card,In-Store,Yes,31.54,15.340000000000003
3/28/2025,INV100295,CUST3017,36-45,Others,Selangor,Footwear,Sandals,Normal,66.04,5,330.20000000000005,Cash,Online,Yes,34.41,295.7900000000001
1/11/2025,INV100296,CUST1790,18-25,Female,Negeri Sembilan,Footwear,Heels,Merdeka,65.49,2,130.98,Credit Card,Online,No,0,130.98
8/4/2025,INV100297,CUST2654,36-45,Others,Penang,Footwear,Heels,Merdeka,149.38,1,149.38,E-Wallet (TnG),Online,Yes,27.4,121.97999999999999
11/8/2025,INV100298,CUST4272,36-45,Others,Johor,Accessories,Bangles,Normal,93.76,2,187.52,Cash,Instagram,Yes,35.97,151.55
9/4/2025,INV100299,CUST6416,26-35,Male,Selangor,Tops,Floral Blouse,Normal,170.34,4,681.36,Credit Card,Online,Yes,37.56,643.8
2/21/2025,INV100300,CUST5192,26-35,Female,Sabah,Accessories,Scarf,New Year,37.97,2,75.94,Cash,Shopee,No,0,75.94
12/13/2025,INV100301,CUST6123,46-60,Others,Kuala Lumpur,Tops,Floral Blouse,New Year,173.36,2,346.72,E-Wallet (TnG),Shopee,No,0,346.72
11/15/2025,INV100302,CUST5395,18-25,Female,Sarawak,Bottoms,Batik Skirt,Normal,92.14,4,368.56,E-Wallet (TnG),Instagram,No,0,368.56
8/4/2025,INV100303,CUST3732,18-25,Male,Selangor,Bottoms,Batik Skirt,Hari Raya,184.02,4,736.08,E-Wallet (GrabPay),In-Store,No,0,736.08
7/3/2025,INV100304,CUST1472,26-35,Female,Negeri Sembilan,Tops,Cotton Shirt,Normal,99.32,1,99.32,E-Wallet (TnG),Shopee,Yes,36.71,62.60999999999999
12/14/2025,INV100305,CUST9598,26-35,Others,Sarawak,Hijabs,Printed Hijab,Year End,146.1,1,146.1,E-Wallet (GrabPay),In-Store,No,0,146.1
6/27/2025,INV100306,CUST7305,26-35,Others,Selangor,Tops,Linen Tunic,Normal,188.19,5,940.95,E-Wallet (GrabPay),Instagram,Yes,8.37,932.58
9/9/2025,INV100307,CUST6253,26-35,Female,Sabah,Tops,Linen Tunic,Normal,60.09,4,240.36,E-Wallet (GrabPay),In-Store,Yes,25.66,214.70000000000002
10/21/2025,INV100308,CUST8341,18-25,Female,Negeri Sembilan,Accessories,Handbag,Normal,196.52,1,196.52,Cash,Instagram,No,0,196.52
1/19/2025,INV100309,CUST9996,18-25,Male,Sabah,Hijabs,Printed Hijab,Chinese New Year,137.83,4,551.32,E-Wallet (TnG),Shopee,Yes,41.75,509.57000000000005
8/21/2025,INV100310,CUST6439,46-60,Others,Sarawak,Footwear,Heels,New Year,156.68,2,313.36,Cash,Shopee,No,0,313.36
11/21/2025,INV100311,CUST5783,36-45,Others,Kuala Lumpur,Tops,Floral Blouse,Normal,108.64,4,434.56,Cash,Shopee,Yes,13.44,421.12
7/21/2025,INV100312,CUST4532,46-60,Male,Sarawak,Tops,Cotton Shirt,Normal,28.37,5,141.85,Cash,Instagram,No,0,141.85
12/4/2025,INV100313,CUST9260,26-35,Female,Selangor,Hijabs,Printed Hijab,New Year,119.58,4,478.32,E-Wallet (GrabPay),In-Store,Yes,37.87,440.45
3/7/2025,INV100314,CUST2696,46-60,Others,Sarawak,Hijabs,Cotton Hijab,Normal,95.36,5,476.8,Credit Card,Shopee,No,0,476.8
6/25/2025,INV100315,CUST5819,46-60,Male,Penang,Footwear,Sandals,Normal,146,5,730,E-Wallet (TnG),Shopee,Yes,14.04,715.96
11/16/2025,INV100316,CUST5760,36-45,Others,Penang,Bottoms,Palazzo Pants,Normal,117.65,3,352.95000000000005,Cash,Shopee,No,0,352.95000000000005
10/26/2025,INV100317,CUST7839,36-45,Female,Selangor,Hijabs,Silk Hijab,Normal,24.55,2,49.1,Cash,Online,Yes,17.01,32.09
3/24/2025,INV100318,CUST5695,36-45,Male,Selangor,Accessories,Handbag,Normal,155.65,1,155.65,E-Wallet (TnG),Instagram,Yes,32.72,122.93
12/12/2025,INV100319,CUST4675,46-60,Male,Sabah,Tops,Cotton Shirt,Hari Raya,94.98,3,284.94,Cash,Online,No,0,284.94
4/14/2025,INV100320,CUST8259,26-35,Others,Sarawak,Hijabs,Printed Hijab,Year End,128.61,2,257.22,E-Wallet (TnG),Instagram,Yes,49.26,207.96000000000004
2/8/2025,INV100321,CUST4063,26-35,Others,Kuala Lumpur,Footwear,Heels,Hari Raya,70.24,3,210.71999999999997,Credit Card,In-Store,No,0,210.71999999999997
1/3/2025,INV100322,CUST6415,46-60,Others,Penang,Tops,Floral Blouse,Ramadan,127.44,5,637.2,E-Wallet (TnG),Instagram,No,0,637.2
2/7/2025,INV100323,CUST6207,26-35,Male,Kuala Lumpur,Hijabs,Silk Hijab,Hari Raya,117.75,4,471,Cash,Shopee,Yes,44.75,426.25
12/6/2025,INV100324,CUST6437,36-45,Female,Sabah,Bottoms,Palazzo Pants,Merdeka,105.47,5,527.35,Cash,Online,No,0,527.35
8/17/2025,INV100325,CUST4937,26-35,Male,Sarawak,Footwear,Heels,Hari Raya,66.19,3,198.57,Cash,Shopee,No,0,198.57
9/7/2025,INV100326,CUST1718,36-45,Others,Johor,Accessories,Bangles,Normal,34.82,1,34.82,Credit Card,Online,Yes,14.49,20.33
11/19/2025,INV100327,CUST4492,46-60,Male,Johor,Hijabs,Printed Hijab,Normal,178.15,4,712.6,Cash,In-Store,Yes,25.67,686.9300000000001
6/19/2025,INV100328,CUST1620,18-25,Male,Selangor,Bottoms,Slim Fit Jeans,Normal,120.46,5,602.3,Credit Card,Shopee,No,0,602.3
7/18/2025,INV100329,CUST8391,46-60,Female,Sarawak,Tops,Cotton Shirt,Normal,141.19,5,705.95,Cash,Online,Yes,36.54,669.4100000000001
2/7/2025,INV100330,CUST6860,18-25,Female,Sabah,Hijabs,Silk Hijab,Ramadan,157.75,4,631,E-Wallet (GrabPay),Instagram,Yes,26.33,604.67
10/1/2025,INV100331,CUST4602,26-35,Others,Perak,Hijabs,Cotton Hijab,Normal,192.82,2,385.64,E-Wallet (TnG),Shopee,Yes,29.91,355.72999999999996
10/12/2025,INV100332,CUST3316,18-25,Male,Selangor,Hijabs,Printed Hijab,Normal,90.93,5,454.65000000000003,Cash,Shopee,Yes,38.67,415.98
6/26/2025,INV100333,CUST4469,46-60,Others,Penang,Bottoms,Batik Skirt,Normal,59.74,3,179.22,Credit Card,Online,Yes,35.19,144.03
10/18/2025,INV100334,CUST1891,46-60,Others,Kuala Lumpur,Accessories,Bangles,Normal,32.13,1,32.13,Credit Card,Instagram,No,0,32.13
7/2/2025,INV100335,CUST3100,26-35,Male,Sabah,Hijabs,Silk Hijab,Normal,182.02,3,546.0600000000001,E-Wallet (GrabPay),Instagram,No,0,546.0600000000001
11/12/2025,INV100336,CUST6008,26-35,Others,Sarawak,Accessories,Scarf,Normal,50.36,3,151.07999999999998,Credit Card,In-Store,No,0,151.07999999999998
5/22/2025,INV100337,CUST6889,26-35,Others,Sarawak,Footwear,Sneakers,Hari Raya,84.57,3,253.70999999999998,E-Wallet (GrabPay),Online,Yes,34.05,219.65999999999997
2/11/2025,INV100338,CUST5597,26-35,Others,Johor,Accessories,Bangles,Year End,33.76,1,33.76,Cash,Online,No,0,33.76
10/30/2025,INV100339,CUST4485,18-25,Others,Sabah,Hijabs,Printed Hijab,Normal,104.98,2,209.96,E-Wallet (TnG),Instagram,Yes,45.11,164.85000000000002
10/29/2025,INV100340,CUST5767,26-35,Female,Kuala Lumpur,Footwear,Sneakers,Normal,110.39,2,220.78,Credit Card,In-Store,No,0,220.78
3/23/2025,INV100341,CUST3935,26-35,Others,Negeri Sembilan,Accessories,Handbag,Normal,59.39,4,237.56,Credit Card,Online,No,0,237.56
7/9/2025,INV100342,CUST4834,18-25,Others,Johor,Hijabs,Cotton Hijab,Normal,89.86,4,359.44,Cash,Online,No,0,359.44
2/22/2025,INV100343,CUST9542,36-45,Others,Sabah,Hijabs,Printed Hijab,Merdeka,51.29,4,205.16,E-Wallet (TnG),Online,No,0,205.16
7/12/2025,INV100344,CUST4651,46-60,Female,Sarawak,Footwear,Sneakers,Normal,179.69,1,179.69,Credit Card,Instagram,Yes,15.35,164.34
9/21/2025,INV100345,CUST5600,26-35,Male,Penang,Bottoms,Slim Fit Jeans,Normal,128.36,1,128.36,Credit Card,Instagram,No,0,128.36
2/28/2025,INV100346,CUST8889,46-60,Female,Johor,Hijabs,Silk Hijab,Year End,170.01,1,170.01,Credit Card,Online,Yes,30.81,139.2
3/24/2025,INV100347,CUST3207,18-25,Others,Penang,Tops,Floral Blouse,Normal,66.49,2,132.98,E-Wallet (GrabPay),Online,No,0,132.98
2/13/2025,INV100348,CUST4548,46-60,Others,Negeri Sembilan,Footwear,Heels,Chinese New Year,169.47,5,847.35,Credit Card,In-Store,No,0,847.35
3/27/2025,INV100349,CUST6614,46-60,Others,Kuala Lumpur,Bottoms,Slim Fit Jeans,Normal,89.38,1,89.38,Cash,In-Store,No,0,89.38
3/18/2025,INV100350,CUST2577,26-35,Female,Selangor,Hijabs,Printed Hijab,Normal,155.43,1,155.43,E-Wallet (GrabPay),In-Store,Yes,45.36,110.07000000000001
12/14/2025,INV100351,CUST8069,46-60,Female,Selangor,Hijabs,Cotton Hijab,Chinese New Year,188.92,4,755.68,E-Wallet (GrabPay),Shopee,Yes,24.15,731.53
5/11/2025,INV100352,CUST8817,26-35,Male,Sabah,Hijabs,Printed Hijab,Hari Raya,66.4,1,66.4,Cash,Online,Yes,21.88,44.52000000000001
4/16/2025,INV100353,CUST6175,46-60,Female,Kuala Lumpur,Bottoms,Slim Fit Jeans,Year End,125.37,3,376.11,E-Wallet (GrabPay),Shopee,No,0,376.11
12/15/2025,INV100354,CUST7511,26-35,Female,Negeri Sembilan,Bottoms,Slim Fit Jeans,Merdeka,119.88,3,359.64,E-Wallet (TnG),Shopee,No,0,359.64
3/12/2025,INV100355,CUST2951,26-35,Female,Penang,Tops,Floral Blouse,Normal,111.5,3,334.5,Cash,In-Store,No,0,334.5
11/22/2025,INV100356,CUST1086,18-25,Male,Negeri Sembilan,Hijabs,Cotton Hijab,Normal,35.87,3,107.60999999999999,Credit Card,Shopee,Yes,32.41,75.19999999999999
7/16/2025,INV100357,CUST7564,36-45,Others,Selangor,Bottoms,Palazzo Pants,Normal,108.99,1,108.99,Credit Card,Shopee,Yes,6.51,102.47999999999999
11/3/2025,INV100358,CUST9364,26-35,Others,Penang,Tops,Cotton Shirt,Normal,63.07,1,63.07,Credit Card,Online,No,0,63.07
7/24/2025,INV100359,CUST6785,46-60,Female,Johor,Hijabs,Silk Hijab,Normal,152.65,1,152.65,Cash,Shopee,No,0,152.65
6/27/2025,INV100360,CUST5530,26-35,Others,Johor,Footwear,Sneakers,Normal,123.48,3,370.44,Credit Card,Instagram,Yes,30.14,340.3
9/15/2025,INV100361,CUST5821,36-45,Male,Sabah,Hijabs,Printed Hijab,Normal,65.03,4,260.12,E-Wallet (GrabPay),Instagram,Yes,39.09,221.03
8/23/2025,INV100362,CUST8548,18-25,Female,Kuala Lumpur,Accessories,Handbag,Hari Raya,134.06,2,268.12,Credit Card,Shopee,No,0,268.12
6/30/2025,INV100363,CUST9462,18-25,Others,Sabah,Bottoms,Slim Fit Jeans,Normal,36.74,3,110.22,Cash,In-Store,No,0,110.22
6/10/2025,INV100364,CUST6792,26-35,Others,Sabah,Bottoms,Palazzo Pants,Normal,142.96,2,285.92,E-Wallet (GrabPay),In-Store,Yes,38.09,247.83
5/16/2025,INV100365,CUST4387,26-35,Male,Johor,Hijabs,Cotton Hijab,Chinese New Year,160.21,1,160.21,Cash,Instagram,Yes,39.39,120.82000000000001
10/5/2025,INV100366,CUST1692,46-60,Female,Sarawak,Footwear,Sandals,Normal,176.38,4,705.52,Credit Card,Shopee,No,0,705.52
4/24/2025,INV100367,CUST3101,18-25,Others,Perak,Footwear,Sandals,New Year,110.45,4,441.8,Credit Card,Instagram,Yes,36.42,405.38
8/24/2025,INV100368,CUST6171,18-25,Male,Johor,Footwear,Sandals,New Year,78.58,5,392.9,E-Wallet (TnG),In-Store,No,0,392.9
5/2/2025,INV100369,CUST5413,46-60,Others,Sarawak,Accessories,Handbag,Hari Raya,96.31,4,385.24,E-Wallet (TnG),Shopee,No,0,385.24
5/24/2025,INV100370,CUST8384,26-35,Others,Penang,Hijabs,Printed Hijab,Chinese New Year,166.55,3,499.65000000000003,Credit Card,Instagram,No,0,499.65000000000003
4/11/2025,INV100371,CUST3389,26-35,Female,Selangor,Bottoms,Slim Fit Jeans,Hari Raya,44.2,5,221,E-Wallet (TnG),Instagram,No,0,221
5/9/2025,INV100372,CUST1781,46-60,Male,Penang,Tops,Floral Blouse,Ramadan,105.78,1,105.78,E-Wallet (GrabPay),Shopee,No,0,105.78
7/4/2025,INV100373,CUST6903,36-45,Female,Selangor,Footwear,Heels,Normal,83.2,5,416,Credit Card,In-Store,No,0,416
7/1/2025,INV100374,CUST6326,46-60,Others,Negeri Sembilan,Tops,Cotton Shirt,Normal,130.46,4,521.84,Credit Card,In-Store,No,0,521.84
8/4/2025,INV100375,CUST7631,18-25,Male,Penang,Accessories,Handbag,Ramadan,77.04,3,231.12,E-Wallet (TnG),Instagram,No,0,231.12
8/16/2025,INV100376,CUST6950,46-60,Female,Penang,Bottoms,Batik Skirt,Chinese New Year,151,3,453,Cash,In-Store,Yes,22.87,430.13
2/18/2025,INV100377,CUST2045,46-60,Others,Selangor,Tops,Cotton Shirt,Merdeka,157.7,1,157.7,Cash,Shopee,Yes,8.79,148.91
7/19/2025,INV100378,CUST6068,26-35,Male,Sabah,Footwear,Sandals,Normal,42.75,5,213.75,Credit Card,Online,Yes,34.86,178.89
6/16/2025,INV100379,CUST8801,46-60,Others,Sabah,Hijabs,Cotton Hijab,Normal,44.32,5,221.6,Credit Card,Instagram,No,0,221.6
9/26/2025,INV100380,CUST9745,36-45,Female,Negeri Sembilan,Hijabs,Silk Hijab,Normal,164.85,4,659.4,E-Wallet (TnG),Shopee,No,0,659.4
5/14/2025,INV100381,CUST3551,36-45,Male,Selangor,Hijabs,Silk Hijab,Ramadan,71.62,5,358.1,Cash,Instagram,No,0,358.1
6/3/2025,INV100382,CUST1149,46-60,Female,Johor,Tops,Linen Tunic,Normal,87.26,4,349.04,E-Wallet (GrabPay),Instagram,Yes,12.35,336.69
11/27/2025,INV100383,CUST7385,46-60,Male,Sabah,Tops,Cotton Shirt,Normal,132.56,5,662.8,E-Wallet (TnG),Shopee,No,0,662.8
7/31/2025,INV100384,CUST4080,18-25,Male,Penang,Accessories,Handbag,Normal,134.64,5,673.1999999999999,E-Wallet (GrabPay),Shopee,No,0,673.1999999999999
4/7/2025,INV100385,CUST6253,18-25,Male,Selangor,Hijabs,Silk Hijab,Chinese New Year,195.02,3,585.0600000000001,E-Wallet (TnG),In-Store,No,0,585.0600000000001
1/5/2025,INV100386,CUST4814,18-25,Male,Selangor,Footwear,Heels,Ramadan,95.64,4,382.56,E-Wallet (TnG),Instagram,Yes,19.86,362.7
3/16/2025,INV100387,CUST1918,36-45,Female,Kuala Lumpur,Hijabs,Cotton Hijab,Normal,52.69,3,158.07,E-Wallet (GrabPay),Online,Yes,48.86,109.21
5/8/2025,INV100388,CUST7304,46-60,Male,Selangor,Bottoms,Slim Fit Jeans,Year End,158.78,5,793.9,Credit Card,Instagram,No,0,793.9
12/15/2025,INV100389,CUST6113,36-45,Male,Selangor,Hijabs,Printed Hijab,New Year,65.6,3,196.79999999999998,Credit Card,Shopee,Yes,43.86,152.94
4/22/2025,INV100390,CUST2850,26-35,Others,Perak,Accessories,Handbag,Chinese New Year,162.99,5,814.95,Cash,Instagram,Yes,5.4,809.5500000000001
1/22/2025,INV100391,CUST8786,26-35,Female,Kuala Lumpur,Bottoms,Batik Skirt,Hari Raya,36.45,5,182.25,E-Wallet (TnG),Online,Yes,21,161.25
3/20/2025,INV100392,CUST9787,18-25,Male,Negeri Sembilan,Bottoms,Slim Fit Jeans,Normal,196.7,3,590.0999999999999,E-Wallet (GrabPay),In-Store,Yes,36.02,554.0799999999999
7/3/2025,INV100393,CUST3207,36-45,Male,Negeri Sembilan,Footwear,Sandals,Normal,73.05,4,292.2,Credit Card,In-Store,No,0,292.2
6/15/2025,INV100394,CUST8674,36-45,Others,Penang,Tops,Linen Tunic,Normal,47.9,3,143.7,E-Wallet (TnG),Shopee,No,0,143.7
1/1/2025,INV100395,CUST9289,46-60,Others,Penang,Tops,Linen Tunic,Ramadan,159.68,2,319.36,E-Wallet (TnG),Online,No,0,319.36
4/8/2025,INV100396,CUST9586,46-60,Others,Penang,Hijabs,Cotton Hijab,Ramadan,93.76,3,281.28000000000003,Cash,Online,Yes,6.97,274.31
3/8/2025,INV100397,CUST3926,18-25,Male,Kuala Lumpur,Footwear,Heels,Normal,37.78,5,188.9,E-Wallet (GrabPay),Instagram,No,0,188.9
1/26/2025,INV100398,CUST7002,26-35,Others,Kuala Lumpur,Tops,Floral Blouse,Year End,108.45,1,108.45,E-Wallet (GrabPay),Online,No,0,108.45
10/13/2025,INV100399,CUST7814,36-45,Others,Selangor,Hijabs,Cotton Hijab,Normal,115.22,1,115.22,E-Wallet (TnG),Online,Yes,48.23,66.99000000000001
2/19/2025,INV100400,CUST2658,26-35,Others,Perak,Bottoms,Batik Skirt,Merdeka,138.24,5,691.2,Credit Card,Instagram,Yes,39.48,651.72
10/23/2025,INV100401,CUST6864,46-60,Others,Perak,Tops,Floral Blouse,Normal,162.64,5,813.1999999999999,E-Wallet (GrabPay),Shopee,Yes,29.03,784.17
11/4/2025,INV100402,CUST8258,36-45,Female,Sarawak,Accessories,Scarf,Normal,157.55,4,630.2,E-Wallet (TnG),In-Store,Yes,21.88,608.32
10/9/2025,INV100403,CUST5162,36-45,Female,Negeri Sembilan,Footwear,Heels,Normal,150.74,3,452.22,Cash,In-Store,No,0,452.22
1/4/2025,INV100404,CUST5920,26-35,Male,Sarawak,Tops,Linen Tunic,Ramadan,185.44,5,927.2,Credit Card,Online,Yes,25.72,901.48
3/21/2025,INV100405,CUST3267,36-45,Female,Johor,Bottoms,Slim Fit Jeans,Normal,165.99,1,165.99,E-Wallet (GrabPay),In-Store,Yes,37.56,128.43
9/5/2025,INV100406,CUST3832,46-60,Others,Kuala Lumpur,Hijabs,Printed Hijab,Normal,74.07,5,370.34999999999997,E-Wallet (GrabPay),Online,Yes,46.48,323.86999999999995
6/21/2025,INV100407,CUST6700,46-60,Female,Kuala Lumpur,Bottoms,Palazzo Pants,Normal,137.5,5,687.5,Cash,Instagram,Yes,18.72,668.78
1/22/2025,INV100408,CUST6231,26-35,Female,Johor,Bottoms,Batik Skirt,Year End,151.68,4,606.72,E-Wallet (GrabPay),Online,Yes,24.44,582.28
7/21/2025,INV100409,CUST3425,26-35,Female,Kuala Lumpur,Footwear,Sandals,Normal,154.16,5,770.8,E-Wallet (GrabPay),Shopee,Yes,22.93,747.87
8/11/2025,INV100410,CUST3136,26-35,Female,Johor,Footwear,Sneakers,Year End,122.84,5,614.2,Credit Card,In-Store,Yes,16.98,597.22
8/9/2025,INV100411,CUST6298,18-25,Male,Perak,Footwear,Sneakers,Ramadan,54.29,3,162.87,Cash,Shopee,Yes,49.44,113.43
11/12/2025,INV100412,CUST8245,26-35,Female,Selangor,Bottoms,Batik Skirt,Normal,143.36,2,286.72,Cash,Online,Yes,15.94,270.78000000000003
11/14/2025,INV100413,CUST3419,36-45,Male,Sarawak,Tops,Cotton Shirt,Normal,101.01,1,101.01,E-Wallet (TnG),In-Store,Yes,14.17,86.84
9/25/2025,INV100414,CUST5237,46-60,Others,Penang,Tops,Cotton Shirt,Normal,124.94,5,624.7,Cash,Shopee,Yes,7.7,617
4/13/2025,INV100415,CUST5444,18-25,Female,Selangor,Tops,Cotton Shirt,Year End,68.84,3,206.52,Cash,Online,No,0,206.52
11/29/2025,INV100416,CUST7332,26-35,Female,Kuala Lumpur,Accessories,Scarf,Normal,176.02,5,880.1,Cash,In-Store,Yes,27.53,852.57
8/23/2025,INV100417,CUST1352,18-25,Male,Sabah,Accessories,Scarf,Hari Raya,153.99,1,153.99,E-Wallet (TnG),Shopee,No,0,153.99
11/17/2025,INV100418,CUST5953,26-35,Others,Sabah,Tops,Linen Tunic,Normal,66.38,4,265.52,Cash,Shopee,Yes,11.83,253.68999999999997
7/21/2025,INV100419,CUST3248,18-25,Others,Perak,Hijabs,Printed Hijab,Normal,130.24,2,260.48,E-Wallet (GrabPay),In-Store,Yes,24.19,236.29000000000002
6/9/2025,INV100420,CUST6395,46-60,Others,Penang,Bottoms,Palazzo Pants,Normal,44.94,5,224.7,Credit Card,In-Store,No,0,224.7
12/19/2025,INV100421,CUST9582,26-35,Female,Penang,Hijabs,Silk Hijab,Ramadan,32.21,5,161.05,Cash,In-Store,No,0,161.05
3/16/2025,INV100422,CUST1483,36-45,Female,Perak,Accessories,Scarf,Normal,154.21,3,462.63,Credit Card,In-Store,Yes,10.92,451.71
1/14/2025,INV100423,CUST5372,26-35,Others,Johor,Bottoms,Palazzo Pants,New Year,84.67,4,338.68,Credit Card,Instagram,No,0,338.68
4/5/2025,INV100424,CUST7348,46-60,Female,Penang,Bottoms,Batik Skirt,Chinese New Year,25.8,1,25.8,E-Wallet (TnG),Instagram,Yes,38.41,-12.61
4/14/2025,INV100425,CUST4351,18-25,Male,Negeri Sembilan,Hijabs,Cotton Hijab,Year End,78.48,4,313.92,Credit Card,Instagram,No,0,313.92
1/22/2025,INV100426,CUST7232,36-45,Female,Selangor,Hijabs,Silk Hijab,Hari Raya,102.24,1,102.24,Credit Card,Instagram,Yes,30.1,72.13999999999999
9/22/2025,INV100427,CUST1807,26-35,Female,Negeri Sembilan,Footwear,Sneakers,Normal,159.26,3,477.78,E-Wallet (GrabPay),In-Store,No,0,477.78
5/31/2025,INV100428,CUST1893,26-35,Female,Negeri Sembilan,Tops,Linen Tunic,Merdeka,40.37,5,201.85,Credit Card,Instagram,No,0,201.85
6/15/2025,INV100429,CUST8387,18-25,Male,Negeri Sembilan,Hijabs,Printed Hijab,Normal,181.24,4,724.96,Cash,Shopee,No,0,724.96
12/21/2025,INV100430,CUST3686,18-25,Male,Kuala Lumpur,Footwear,Sandals,Ramadan,35.36,4,141.44,Credit Card,Instagram,No,0,141.44
1/23/2025,INV100431,CUST3799,36-45,Others,Penang,Bottoms,Batik Skirt,Chinese New Year,158.45,1,158.45,E-Wallet (GrabPay),Shopee,No,0,158.45
8/17/2025,INV100432,CUST5731,26-35,Male,Penang,Bottoms,Batik Skirt,Merdeka,157.77,1,157.77,E-Wallet (GrabPay),Instagram,No,0,157.77
10/6/2025,INV100433,CUST1094,46-60,Male,Johor,Hijabs,Printed Hijab,Normal,105.63,4,422.52,E-Wallet (GrabPay),Online,Yes,16.01,406.51
10/8/2025,INV100434,CUST5556,26-35,Male,Penang,Bottoms,Batik Skirt,Normal,137.59,1,137.59,Credit Card,Online,No,0,137.59
6/19/2025,INV100435,CUST2436,18-25,Male,Perak,Bottoms,Batik Skirt,Normal,140.98,5,704.9,Credit Card,Instagram,No,0,704.9
1/19/2025,INV100436,CUST2525,36-45,Female,Sarawak,Footwear,Heels,Hari Raya,171.8,1,171.8,E-Wallet (TnG),Instagram,Yes,10.49,161.31
5/21/2025,INV100437,CUST6393,46-60,Others,Johor,Bottoms,Palazzo Pants,New Year,39.67,5,198.35000000000002,Cash,Instagram,No,0,198.35000000000002
8/7/2025,INV100438,CUST6185,36-45,Others,Sarawak,Bottoms,Palazzo Pants,Merdeka,109.35,4,437.4,E-Wallet (GrabPay),In-Store,Yes,36.89,400.51
4/10/2025,INV100439,CUST1025,18-25,Male,Negeri Sembilan,Tops,Linen Tunic,Chinese New Year,163.92,4,655.68,E-Wallet (GrabPay),Online,No,0,655.68
6/29/2025,INV100440,CUST4478,18-25,Others,Johor,Accessories,Scarf,Normal,162.24,3,486.72,E-Wallet (TnG),Shopee,Yes,10.12,476.6
6/20/2025,INV100441,CUST6592,46-60,Others,Selangor,Bottoms,Batik Skirt,Normal,79.49,3,238.46999999999997,E-Wallet (GrabPay),Instagram,Yes,34.05,204.41999999999996
9/4/2025,INV100442,CUST3545,46-60,Others,Sarawak,Footwear,Sneakers,Normal,187,1,187,E-Wallet (TnG),Shopee,Yes,14.37,172.63
12/17/2025,INV100443,CUST6434,36-45,Male,Penang,Accessories,Handbag,Ramadan,197.05,5,985.25,Credit Card,Instagram,Yes,31.78,953.47
6/7/2025,INV100444,CUST6152,18-25,Female,Perak,Tops,Cotton Shirt,Normal,177.87,3,533.61,E-Wallet (GrabPay),Shopee,Yes,28.63,504.98
3/31/2025,INV100445,CUST2838,36-45,Male,Johor,Tops,Cotton Shirt,Normal,111.08,4,444.32,Credit Card,In-Store,No,0,444.32
9/5/2025,INV100446,CUST9579,36-45,Female,Penang,Tops,Linen Tunic,Normal,141.81,2,283.62,Credit Card,Online,No,0,283.62
7/18/2025,INV100447,CUST9558,18-25,Male,Sabah,Tops,Linen Tunic,Normal,172.66,1,172.66,E-Wallet (TnG),Instagram,Yes,9.64,163.01999999999998
12/4/2025,INV100448,CUST6119,18-25,Others,Sabah,Bottoms,Slim Fit Jeans,Chinese New Year,54.66,3,163.98,E-Wallet (TnG),Instagram,Yes,17.27,146.70999999999998
3/22/2025,INV100449,CUST5483,18-25,Male,Kuala Lumpur,Bottoms,Palazzo Pants,Normal,83.06,3,249.18,E-Wallet (TnG),In-Store,No,0,249.18
10/21/2025,INV100450,CUST5011,26-35,Male,Sabah,Hijabs,Cotton Hijab,Normal,117.3,1,117.3,Credit Card,Online,No,0,117.3
12/12/2025,INV100451,CUST1826,18-25,Female,Selangor,Tops,Cotton Shirt,Hari Raya,52.22,5,261.1,E-Wallet (GrabPay),Shopee,No,0,261.1
6/20/2025,INV100452,CUST4246,18-25,Female,Penang,Tops,Linen Tunic,Normal,104.29,4,417.16,E-Wallet (TnG),Instagram,No,0,417.16
4/29/2025,INV100453,CUST4666,26-35,Others,Sabah,Accessories,Scarf,Chinese New Year,145.93,3,437.79,E-Wallet (TnG),Instagram,No,0,437.79
1/16/2025,INV100454,CUST2070,46-60,Male,Sarawak,Footwear,Sneakers,Chinese New Year,70.81,3,212.43,Credit Card,Online,No,0,212.43
2/24/2025,INV100455,CUST6339,18-25,Female,Negeri Sembilan,Footwear,Sandals,Hari Raya,62.94,2,125.88,Credit Card,Instagram,No,0,125.88
2/3/2025,INV100456,CUST6582,26-35,Others,Perak,Footwear,Sandals,Ramadan,118.01,2,236.02,Credit Card,Online,No,0,236.02
2/28/2025,INV100457,CUST8584,36-45,Others,Kuala Lumpur,Footwear,Heels,Ramadan,192.06,1,192.06,Cash,Instagram,No,0,192.06
9/11/2025,INV100458,CUST2007,18-25,Male,Penang,Hijabs,Printed Hijab,Normal,165.77,2,331.54,Credit Card,Instagram,No,0,331.54
7/19/2025,INV100459,CUST8326,26-35,Male,Sarawak,Accessories,Bangles,Normal,162.98,3,488.93999999999994,E-Wallet (GrabPay),Shopee,Yes,31.22,457.7199999999999
11/10/2025,INV100460,CUST9362,46-60,Male,Sabah,Tops,Cotton Shirt,Normal,182.19,1,182.19,Cash,Shopee,Yes,43.76,138.43
1/16/2025,INV100461,CUST4854,46-60,Others,Perak,Accessories,Bangles,Hari Raya,93.09,4,372.36,Credit Card,In-Store,No,0,372.36
3/13/2025,INV100462,CUST4083,46-60,Female,Perak,Bottoms,Slim Fit Jeans,Normal,199.54,2,399.08,Credit Card,Online,Yes,34.18,364.9
3/15/2025,INV100463,CUST8974,46-60,Male,Kuala Lumpur,Bottoms,Palazzo Pants,Normal,165.07,4,660.28,E-Wallet (GrabPay),In-Store,No,0,660.28
9/18/2025,INV100464,CUST7948,46-60,Female,Sarawak,Bottoms,Batik Skirt,Normal,96.46,1,96.46,E-Wallet (GrabPay),In-Store,No,0,96.46
7/30/2025,INV100465,CUST9948,36-45,Male,Selangor,Hijabs,Cotton Hijab,Normal,146.88,1,146.88,E-Wallet (GrabPay),Online,Yes,37.86,109.02
9/27/2025,INV100466,CUST5578,46-60,Others,Kuala Lumpur,Hijabs,Printed Hijab,Normal,35.92,4,143.68,Cash,Shopee,Yes,45.66,98.02000000000001
10/1/2025,INV100467,CUST1176,46-60,Female,Negeri Sembilan,Hijabs,Printed Hijab,Normal,79.67,3,239.01,E-Wallet (TnG),Shopee,Yes,6.59,232.42
11/2/2025,INV100468,CUST5981,36-45,Male,Negeri Sembilan,Hijabs,Silk Hijab,Normal,123.11,3,369.33,Cash,Shopee,No,0,369.33
2/12/2025,INV100469,CUST3077,18-25,Female,Sabah,Bottoms,Palazzo Pants,Ramadan,69.54,3,208.62,Cash,Online,Yes,45.96,162.66
3/19/2025,INV100470,CUST8317,36-45,Male,Sabah,Bottoms,Slim Fit Jeans,Normal,52.55,5,262.75,Cash,Shopee,Yes,48.53,214.22
11/1/2025,INV100471,CUST3525,46-60,Female,Perak,Bottoms,Palazzo Pants,Normal,99.23,2,198.46,Credit Card,Shopee,Yes,33.9,164.56
3/1/2025,INV100472,CUST1860,26-35,Female,Perak,Footwear,Sneakers,Normal,105.73,5,528.65,Credit Card,Instagram,No,0,528.65
8/31/2025,INV100473,CUST5302,26-35,Others,Perak,Tops,Cotton Shirt,Hari Raya,88.76,3,266.28000000000003,Cash,Online,No,0,266.28000000000003
8/10/2025,INV100474,CUST5466,36-45,Female,Sabah,Tops,Cotton Shirt,Year End,125.15,4,500.6,Credit Card,In-Store,No,0,500.6
12/13/2025,INV100475,CUST3947,36-45,Others,Selangor,Tops,Floral Blouse,New Year,94.02,5,470.09999999999997,Cash,Instagram,No,0,470.09999999999997
4/23/2025,INV100476,CUST5641,36-45,Male,Selangor,Tops,Linen Tunic,New Year,30.24,5,151.2,Credit Card,Online,Yes,8.89,142.31
11/6/2025,INV100477,CUST3128,46-60,Others,Penang,Tops,Linen Tunic,Normal,53.17,3,159.51,E-Wallet (GrabPay),Online,No,0,159.51
5/22/2025,INV100478,CUST7995,36-45,Female,Penang,Tops,Cotton Shirt,New Year,88.9,3,266.70000000000005,Cash,Shopee,No,0,266.70000000000005
4/2/2025,INV100479,CUST8218,18-25,Female,Johor,Hijabs,Cotton Hijab,Chinese New Year,136.19,1,136.19,Credit Card,Instagram,Yes,32.63,103.56
2/24/2025,INV100480,CUST8234,36-45,Male,Selangor,Tops,Floral Blouse,Merdeka,150.96,4,603.84,Cash,Instagram,Yes,34.38,569.46
1/1/2025,INV100481,CUST1619,46-60,Female,Penang,Accessories,Scarf,Merdeka,20.67,4,82.68,E-Wallet (GrabPay),Instagram,No,0,82.68
2/5/2025,INV100482,CUST9849,26-35,Male,Perak,Footwear,Heels,Merdeka,116.35,3,349.04999999999995,E-Wallet (TnG),Shopee,No,0,349.04999999999995
1/29/2025,INV100483,CUST2485,36-45,Others,Sarawak,Tops,Cotton Shirt,Ramadan,136.6,2,273.2,Cash,Instagram,Yes,18.45,254.75
7/19/2025,INV100484,CUST2749,36-45,Female,Kuala Lumpur,Footwear,Sandals,Normal,54.1,1,54.1,Credit Card,Online,Yes,27.02,27.080000000000002
2/2/2025,INV100485,CUST9856,36-45,Female,Negeri Sembilan,Tops,Floral Blouse,Ramadan,30.09,1,30.09,E-Wallet (GrabPay),Online,Yes,41.32,-11.23
12/8/2025,INV100486,CUST9570,46-60,Others,Penang,Hijabs,Silk Hijab,New Year,26.64,2,53.28,E-Wallet (GrabPay),Online,No,0,53.28
11/13/2025,INV100487,CUST1750,26-35,Others,Penang,Tops,Floral Blouse,Normal,133.88,3,401.64,Cash,Instagram,Yes,42.59,359.04999999999995
2/2/2025,INV100488,CUST2742,18-25,Female,Johor,Tops,Floral Blouse,Hari Raya,80.72,4,322.88,E-Wallet (TnG),Online,Yes,19.47,303.40999999999997
4/20/2025,INV100489,CUST1746,26-35,Female,Kuala Lumpur,Tops,Cotton Shirt,Chinese New Year,156.36,2,312.72,E-Wallet (TnG),In-Store,No,0,312.72
5/5/2025,INV100490,CUST1666,26-35,Male,Perak,Bottoms,Batik Skirt,Hari Raya,34.53,1,34.53,Credit Card,Online,No,0,34.53
8/2/2025,INV100491,CUST8798,26-35,Male,Penang,Accessories,Bangles,Hari Raya,94.17,2,188.34,Cash,In-Store,No,0,188.34
11/10/2025,INV100492,CUST2442,36-45,Female,Perak,Tops,Linen Tunic,Normal,62.42,1,62.42,Cash,Shopee,Yes,25.89,36.53
11/17/2025,INV100493,CUST4409,36-45,Male,Johor,Tops,Floral Blouse,Normal,143.34,4,573.36,E-Wallet (GrabPay),In-Store,Yes,35.16,538.2
1/23/2025,INV100494,CUST1885,36-45,Female,Johor,Footwear,Sneakers,Ramadan,131.03,4,524.12,Cash,Online,Yes,46.62,477.5
4/1/2025,INV100495,CUST3589,18-25,Female,Kuala Lumpur,Tops,Floral Blouse,Year End,100.07,5,500.34999999999997,E-Wallet (TnG),Instagram,Yes,38.62,461.72999999999996
6/16/2025,INV100496,CUST4769,18-25,Female,Johor,Tops,Floral Blouse,Normal,152.79,2,305.58,E-Wallet (GrabPay),In-Store,Yes,26.19,279.39
9/6/2025,INV100497,CUST1890,46-60,Male,Johor,Hijabs,Cotton Hijab,Normal,52.05,3,156.14999999999998,Credit Card,Instagram,Yes,33.44,122.70999999999998
5/19/2025,INV100498,CUST4313,36-45,Male,Selangor,Hijabs,Silk Hijab,Ramadan,44.57,4,178.28,E-Wallet (GrabPay),Instagram,Yes,39.22,139.06
4/23/2025,INV100499,CUST5835,26-35,Others,Penang,Hijabs,Printed Hijab,Chinese New Year,35.57,5,177.85,E-Wallet (GrabPay),In-Store,No,0,177.85
8/25/2025,INV100500,CUST5573,18-25,Others,Perak,Bottoms,Batik Skirt,Ramadan,98.16,2,196.32,Credit Card,Online,No,0,196.32
1/23/2025,INV100501,CUST1656,46-60,Others,Selangor,Footwear,Sandals,Hari Raya,106.27,1,106.27,E-Wallet (GrabPay),Instagram,Yes,8.74,97.53
1/7/2025,INV100502,CUST7662,26-35,Male,Sarawak,Accessories,Handbag,Year End,199.81,1,199.81,E-Wallet (GrabPay),Shopee,Yes,36.65,163.16
10/20/2025,INV100503,CUST1399,46-60,Female,Penang,Footwear,Heels,Normal,162.17,3,486.51,E-Wallet (GrabPay),Online,Yes,22.32,464.19
12/20/2025,INV100504,CUST6454,18-25,Female,Perak,Accessories,Bangles,Merdeka,117.64,2,235.28,Cash,Shopee,Yes,28.16,207.12
12/12/2025,INV100505,CUST6963,18-25,Male,Perak,Accessories,Scarf,Merdeka,27.36,3,82.08,Credit Card,Online,Yes,11.23,70.85
6/21/2025,INV100506,CUST4909,18-25,Others,Negeri Sembilan,Hijabs,Printed Hijab,Normal,57.76,2,115.52,E-Wallet (TnG),Shopee,No,0,115.52
9/15/2025,INV100507,CUST7929,36-45,Male,Kuala Lumpur,Accessories,Scarf,Normal,101.43,5,507.15000000000003,Cash,Instagram,No,0,507.15000000000003
8/20/2025,INV100508,CUST7031,18-25,Male,Negeri Sembilan,Tops,Floral Blouse,Hari Raya,181.63,3,544.89,Cash,Online,Yes,17.42,527.47
12/23/2025,INV100509,CUST3424,46-60,Male,Johor,Hijabs,Printed Hijab,New Year,72.77,5,363.84999999999997,Credit Card,Instagram,No,0,363.84999999999997
8/4/2025,INV100510,CUST8272,18-25,Female,Johor,Tops,Floral Blouse,Chinese New Year,170.29,5,851.4499999999999,E-Wallet (TnG),Instagram,No,0,851.4499999999999
12/2/2025,INV100511,CUST6346,46-60,Others,Negeri Sembilan,Footwear,Sneakers,Merdeka,43.75,3,131.25,Credit Card,Shopee,Yes,26.79,104.46000000000001
5/28/2025,INV100512,CUST1775,26-35,Female,Sabah,Footwear,Heels,Merdeka,186.34,5,931.7,E-Wallet (TnG),In-Store,Yes,42.77,888.9300000000001
12/21/2025,INV100513,CUST3514,26-35,Male,Kuala Lumpur,Tops,Cotton Shirt,Merdeka,42.77,3,128.31,E-Wallet (TnG),In-Store,Yes,30.31,98
1/18/2025,INV100514,CUST6192,36-45,Male,Sarawak,Footwear,Sandals,Chinese New Year,116.06,1,116.06,Cash,Instagram,No,0,116.06
3/16/2025,INV100515,CUST8504,36-45,Male,Selangor,Hijabs,Printed Hijab,Normal,79.63,3,238.89,E-Wallet (GrabPay),Shopee,Yes,40.98,197.91
8/15/2025,INV100516,CUST6549,18-25,Others,Negeri Sembilan,Tops,Floral Blouse,Year End,119.17,3,357.51,Cash,Instagram,Yes,25.07,332.44
2/17/2025,INV100517,CUST6347,18-25,Others,Johor,Hijabs,Printed Hijab,Chinese New Year,160.63,3,481.89,Credit Card,Online,Yes,29.23,452.65999999999997
8/17/2025,INV100518,CUST2431,46-60,Male,Negeri Sembilan,Accessories,Bangles,Merdeka,112.08,1,112.08,E-Wallet (TnG),Instagram,Yes,37.22,74.86
8/7/2025,INV100519,CUST7056,46-60,Female,Selangor,Accessories,Scarf,Ramadan,75.46,4,301.84,Cash,In-Store,No,0,301.84
8/1/2025,INV100520,CUST8249,36-45,Male,Perak,Footwear,Heels,Merdeka,127.63,2,255.26,Credit Card,Shopee,No,0,255.26
9/26/2025,INV100521,CUST6495,18-25,Others,Perak,Tops,Floral Blouse,Normal,93.7,3,281.1,E-Wallet (GrabPay),In-Store,No,0,281.1
12/30/2025,INV100522,CUST3243,26-35,Male,Perak,Accessories,Bangles,Hari Raya,27.6,3,82.80000000000001,E-Wallet (TnG),Instagram,No,0,82.80000000000001
4/25/2025,INV100523,CUST1439,18-25,Male,Sabah,Accessories,Bangles,Year End,105.06,3,315.18,E-Wallet (GrabPay),In-Store,No,0,315.18
12/19/2025,INV100524,CUST5009,18-25,Male,Sabah,Footwear,Heels,Merdeka,154.2,5,771,E-Wallet (GrabPay),Instagram,No,0,771
11/18/2025,INV100525,CUST8799,18-25,Female,Selangor,Accessories,Handbag,Normal,124.7,2,249.4,E-Wallet (TnG),Instagram,Yes,21.08,228.32
1/28/2025,INV100526,CUST5467,36-45,Female,Sarawak,Tops,Cotton Shirt,Ramadan,115.33,1,115.33,Credit Card,In-Store,Yes,31.94,83.39
3/27/2025,INV100527,CUST9908,36-45,Female,Sabah,Accessories,Bangles,Normal,145.63,3,436.89,Cash,Shopee,Yes,5.58,431.31
9/23/2025,INV100528,CUST5610,36-45,Female,Perak,Accessories,Handbag,Normal,38.44,2,76.88,Credit Card,In-Store,Yes,23.78,53.099999999999994
2/9/2025,INV100529,CUST2909,26-35,Male,Negeri Sembilan,Accessories,Scarf,Year End,85.26,4,341.04,E-Wallet (TnG),In-Store,No,0,341.04
1/15/2025,INV100530,CUST2943,26-35,Male,Penang,Bottoms,Slim Fit Jeans,Chinese New Year,57.77,1,57.77,E-Wallet (GrabPay),Online,Yes,5.85,51.92
9/5/2025,INV100531,CUST8065,18-25,Male,Kuala Lumpur,Tops,Linen Tunic,Normal,112.43,1,112.43,E-Wallet (GrabPay),Online,No,0,112.43
1/23/2025,INV100532,CUST2085,36-45,Others,Selangor,Tops,Floral Blouse,Merdeka,56.97,2,113.94,Credit Card,Shopee,Yes,9.09,104.85
5/23/2025,INV100533,CUST6698,36-45,Male,Johor,Hijabs,Printed Hijab,New Year,37.84,5,189.20000000000002,Cash,In-Store,Yes,48.39,140.81
3/29/2025,INV100534,CUST9800,18-25,Others,Kuala Lumpur,Bottoms,Palazzo Pants,Normal,173.23,4,692.92,E-Wallet (TnG),In-Store,No,0,692.92
12/11/2025,INV100535,CUST2758,26-35,Female,Perak,Footwear,Heels,Merdeka,60.96,1,60.96,E-Wallet (TnG),Online,No,0,60.96
2/26/2025,INV100536,CUST9515,26-35,Female,Sarawak,Accessories,Bangles,Year End,27.31,3,81.92999999999999,E-Wallet (GrabPay),Online,No,0,81.92999999999999
5/26/2025,INV100537,CUST8486,36-45,Others,Negeri Sembilan,Bottoms,Palazzo Pants,Hari Raya,72.31,4,289.24,Credit Card,Online,No,0,289.24
12/14/2025,INV100538,CUST7020,26-35,Male,Negeri Sembilan,Tops,Cotton Shirt,Hari Raya,114.08,1,114.08,Cash,In-Store,No,0,114.08
7/25/2025,INV100539,CUST2666,26-35,Male,Sarawak,Bottoms,Slim Fit Jeans,Normal,56.05,4,224.2,Cash,In-Store,No,0,224.2
9/13/2025,INV100540,CUST5563,36-45,Others,Perak,Accessories,Scarf,Normal,140,4,560,E-Wallet (GrabPay),Shopee,Yes,39.56,520.44
2/25/2025,INV100541,CUST3001,36-45,Female,Negeri Sembilan,Bottoms,Palazzo Pants,Chinese New Year,25.35,1,25.35,Cash,Instagram,Yes,48.74,-23.39
7/15/2025,INV100542,CUST6356,26-35,Female,Kuala Lumpur,Tops,Linen Tunic,Normal,155.29,4,621.16,E-Wallet (GrabPay),In-Store,No,0,621.16
12/5/2025,INV100543,CUST9157,46-60,Others,Sabah,Hijabs,Cotton Hijab,Merdeka,118.39,1,118.39,E-Wallet (GrabPay),Online,No,0,118.39
8/19/2025,INV100544,CUST6153,46-60,Female,Negeri Sembilan,Tops,Floral Blouse,Chinese New Year,120.2,3,360.6,Credit Card,Instagram,No,0,360.6
3/10/2025,INV100545,CUST6119,46-60,Female,Kuala Lumpur,Hijabs,Printed Hijab,Normal,108.3,5,541.5,E-Wallet (GrabPay),Instagram,Yes,27.8,513.7
7/20/2025,INV100546,CUST5315,46-60,Others,Perak,Hijabs,Printed Hijab,Normal,83.5,3,250.5,E-Wallet (TnG),Online,Yes,31.57,218.93
3/7/2025,INV100547,CUST7003,36-45,Others,Selangor,Accessories,Scarf,Normal,37.52,3,112.56,E-Wallet (TnG),Instagram,No,0,112.56
1/29/2025,INV100548,CUST5001,26-35,Male,Sabah,Hijabs,Silk Hijab,Year End,31.79,3,95.37,Cash,Shopee,Yes,5.89,89.48
6/16/2025,INV100549,CUST1612,46-60,Others,Perak,Hijabs,Printed Hijab,Normal,182.25,3,546.75,Cash,Instagram,Yes,49.36,497.39
7/13/2025,INV100550,CUST7394,36-45,Others,Kuala Lumpur,Footwear,Heels,Normal,144.36,2,288.72,E-Wallet (TnG),Instagram,No,0,288.72
3/27/2025,INV100551,CUST5907,36-45,Female,Johor,Footwear,Sandals,Normal,172.52,1,172.52,Credit Card,Shopee,No,0,172.52
1/25/2025,INV100552,CUST5871,46-60,Male,Kuala Lumpur,Hijabs,Silk Hijab,Merdeka,80.63,1,80.63,E-Wallet (GrabPay),Instagram,Yes,20.63,60
2/9/2025,INV100553,CUST5945,36-45,Female,Sarawak,Bottoms,Slim Fit Jeans,Hari Raya,65.23,5,326.15000000000003,E-Wallet (GrabPay),In-Store,Yes,33.25,292.90000000000003
9/22/2025,INV100554,CUST4056,46-60,Male,Negeri Sembilan,Accessories,Bangles,Normal,115.89,5,579.45,E-Wallet (GrabPay),Online,Yes,21.39,558.0600000000001
3/17/2025,INV100555,CUST4938,26-35,Others,Sabah,Footwear,Sneakers,Normal,77.36,1,77.36,Credit Card,Instagram,No,0,77.36
5/27/2025,INV100556,CUST3631,36-45,Others,Johor,Footwear,Heels,New Year,46.99,1,46.99,Credit Card,Shopee,No,0,46.99
9/6/2025,INV100557,CUST8145,46-60,Others,Selangor,Bottoms,Batik Skirt,Normal,69.09,1,69.09,E-Wallet (TnG),Shopee,Yes,33.99,35.1
1/22/2025,INV100558,CUST8960,18-25,Male,Kuala Lumpur,Accessories,Bangles,Ramadan,176.09,4,704.36,E-Wallet (TnG),Online,No,0,704.36
3/13/2025,INV100559,CUST4867,18-25,Others,Kuala Lumpur,Hijabs,Printed Hijab,Normal,169.22,5,846.1,E-Wallet (TnG),Instagram,Yes,15.71,830.39
3/4/2025,INV100560,CUST6134,36-45,Others,Perak,Bottoms,Slim Fit Jeans,Normal,59.24,1,59.24,Credit Card,In-Store,No,0,59.24
8/14/2025,INV100561,CUST7690,36-45,Others,Selangor,Footwear,Sandals,Ramadan,145.93,1,145.93,E-Wallet (TnG),Instagram,No,0,145.93
12/16/2025,INV100562,CUST5036,36-45,Male,Sarawak,Footwear,Sandals,Ramadan,167.85,1,167.85,Cash,Online,Yes,16.38,151.47
7/16/2025,INV100563,CUST6067,36-45,Others,Kuala Lumpur,Hijabs,Silk Hijab,Normal,174.38,4,697.52,Cash,Instagram,No,0,697.52
6/4/2025,INV100564,CUST2478,26-35,Female,Johor,Bottoms,Slim Fit Jeans,Normal,133.64,4,534.56,Cash,Shopee,Yes,42.04,492.5199999999999
9/9/2025,INV100565,CUST8718,46-60,Female,Perak,Tops,Floral Blouse,Normal,145.73,5,728.65,Cash,Shopee,No,0,728.65
11/5/2025,INV100566,CUST9973,36-45,Female,Selangor,Tops,Linen Tunic,Normal,135.49,4,541.96,Credit Card,Online,No,0,541.96
4/13/2025,INV100567,CUST6006,36-45,Others,Kuala Lumpur,Tops,Floral Blouse,Chinese New Year,112.95,2,225.9,E-Wallet (GrabPay),Shopee,No,0,225.9
9/2/2025,INV100568,CUST3187,36-45,Male,Sarawak,Accessories,Handbag,Normal,35.19,3,105.57,Credit Card,Instagram,No,0,105.57
10/20/2025,INV100569,CUST4677,18-25,Male,Johor,Tops,Cotton Shirt,Normal,55.69,2,111.38,Cash,Instagram,No,0,111.38
11/4/2025,INV100570,CUST5262,26-35,Male,Sarawak,Bottoms,Palazzo Pants,Normal,41.12,5,205.6,E-Wallet (GrabPay),Instagram,No,0,205.6
3/2/2025,INV100571,CUST4677,26-35,Male,Sabah,Accessories,Bangles,Normal,108.95,2,217.9,E-Wallet (GrabPay),In-Store,Yes,49.78,168.12
5/25/2025,INV100572,CUST4102,46-60,Male,Perak,Bottoms,Batik Skirt,Ramadan,195.7,2,391.4,E-Wallet (GrabPay),In-Store,No,0,391.4
10/26/2025,INV100573,CUST8506,18-25,Male,Negeri Sembilan,Bottoms,Slim Fit Jeans,Normal,195.39,4,781.56,Credit Card,Instagram,No,0,781.56
11/2/2025,INV100574,CUST5198,18-25,Male,Selangor,Tops,Cotton Shirt,Normal,187.59,4,750.36,E-Wallet (TnG),Online,Yes,16.41,733.95
11/14/2025,INV100575,CUST7241,36-45,Female,Sarawak,Bottoms,Palazzo Pants,Normal,27.4,2,54.8,E-Wallet (TnG),In-Store,No,0,54.8
6/23/2025,INV100576,CUST8669,26-35,Male,Sarawak,Hijabs,Cotton Hijab,Normal,45.52,1,45.52,E-Wallet (TnG),Online,Yes,27.46,18.060000000000002
5/24/2025,INV100577,CUST6907,46-60,Female,Sabah,Hijabs,Cotton Hijab,Merdeka,76.34,2,152.68,E-Wallet (TnG),Instagram,Yes,30.01,122.67
12/3/2025,INV100578,CUST8208,18-25,Male,Penang,Tops,Floral Blouse,Chinese New Year,26.46,3,79.38,Credit Card,Instagram,No,0,79.38
3/1/2025,INV100579,CUST9108,18-25,Female,Sarawak,Hijabs,Cotton Hijab,Normal,102.4,1,102.4,Credit Card,Online,No,0,102.4
2/17/2025,INV100580,CUST4337,36-45,Male,Penang,Hijabs,Cotton Hijab,Merdeka,180.36,5,901.8000000000001,Credit Card,Online,Yes,23.74,878.0600000000001
2/9/2025,INV100581,CUST5033,46-60,Others,Kuala Lumpur,Accessories,Handbag,Ramadan,142.64,1,142.64,E-Wallet (GrabPay),Shopee,Yes,42.66,99.97999999999999
3/20/2025,INV100582,CUST1473,18-25,Female,Negeri Sembilan,Footwear,Sandals,Normal,191.94,5,959.7,Cash,Shopee,Yes,34.53,925.1700000000001
8/20/2025,INV100583,CUST6323,26-35,Male,Selangor,Accessories,Scarf,New Year,153.88,5,769.4,E-Wallet (GrabPay),Online,No,0,769.4
5/11/2025,INV100584,CUST3916,26-35,Female,Kuala Lumpur,Tops,Floral Blouse,Chinese New Year,89.93,4,359.72,E-Wallet (TnG),In-Store,Yes,18.43,341.29
8/10/2025,INV100585,CUST6080,26-35,Female,Kuala Lumpur,Accessories,Bangles,Chinese New Year,108.13,4,432.52,E-Wallet (GrabPay),Shopee,No,0,432.52
2/16/2025,INV100586,CUST7922,36-45,Others,Penang,Footwear,Sandals,Hari Raya,36.73,5,183.64999999999998,E-Wallet (TnG),Instagram,Yes,34.14,149.51
3/21/2025,INV100587,CUST9115,18-25,Female,Negeri Sembilan,Footwear,Heels,Normal,183.3,4,733.2,E-Wallet (TnG),In-Store,Yes,35.79,697.4100000000001
6/3/2025,INV100588,CUST5073,46-60,Female,Selangor,Hijabs,Silk Hijab,Normal,185.11,5,925.5500000000001,Cash,Instagram,No,0,925.5500000000001
2/18/2025,INV100589,CUST8612,36-45,Female,Sabah,Hijabs,Silk Hijab,Merdeka,22.93,4,91.72,Credit Card,In-Store,No,0,91.72
1/24/2025,INV100590,CUST2364,46-60,Others,Sabah,Accessories,Bangles,Year End,101.9,4,407.6,E-Wallet (TnG),Shopee,Yes,14.5,393.1
2/10/2025,INV100591,CUST5248,18-25,Female,Selangor,Tops,Cotton Shirt,New Year,22.39,4,89.56,E-Wallet (GrabPay),Instagram,No,0,89.56
6/5/2025,INV100592,CUST6910,46-60,Female,Kuala Lumpur,Bottoms,Batik Skirt,Normal,22.5,1,22.5,Cash,In-Store,Yes,14.42,8.08
11/29/2025,INV100593,CUST3378,26-35,Female,Johor,Tops,Cotton Shirt,Normal,158.55,2,317.1,E-Wallet (GrabPay),Instagram,Yes,10.24,306.86
3/20/2025,INV100594,CUST8295,46-60,Female,Selangor,Footwear,Sandals,Normal,63.67,3,191.01,E-Wallet (GrabPay),Online,No,0,191.01
1/5/2025,INV100595,CUST2682,46-60,Female,Negeri Sembilan,Hijabs,Printed Hijab,Year End,119.77,3,359.31,Cash,Instagram,No,0,359.31
9/6/2025,INV100596,CUST9410,46-60,Male,Selangor,Hijabs,Silk Hijab,Normal,95.96,3,287.88,Cash,Shopee,No,0,287.88
8/31/2025,INV100597,CUST2915,46-60,Others,Sarawak,Footwear,Sandals,Hari Raya,23.75,3,71.25,Credit Card,Instagram,No,0,71.25
8/13/2025,INV100598,CUST4802,26-35,Others,Sarawak,Hijabs,Printed Hijab,Year End,104.32,3,312.96,E-Wallet (GrabPay),Instagram,No,0,312.96
8/30/2025,INV100599,CUST3654,26-35,Female,Kuala Lumpur,Footwear,Heels,Chinese New Year,55.91,5,279.54999999999995,E-Wallet (GrabPay),Online,No,0,279.54999999999995
9/10/2025,INV100600,CUST5975,26-35,Male,Selangor,Tops,Cotton Shirt,Normal,178.56,3,535.6800000000001,Credit Card,In-Store,Yes,41.31,494.37000000000006
6/22/2025,INV100601,CUST8055,18-25,Others,Johor,Tops,Linen Tunic,Normal,60.34,3,181.02,E-Wallet (TnG),Shopee,Yes,39.65,141.37
10/13/2025,INV100602,CUST5382,26-35,Others,Kuala Lumpur,Tops,Cotton Shirt,Normal,163.82,1,163.82,Cash,Online,Yes,27.83,135.99
3/27/2025,INV100603,CUST2934,26-35,Female,Penang,Accessories,Bangles,Normal,99.47,5,497.35,E-Wallet (GrabPay),Online,Yes,34.12,463.23
6/21/2025,INV100604,CUST3257,18-25,Male,Negeri Sembilan,Footwear,Heels,Normal,64.16,4,256.64,E-Wallet (TnG),Shopee,Yes,8.84,247.79999999999998
7/10/2025,INV100605,CUST7799,36-45,Others,Johor,Bottoms,Palazzo Pants,Normal,95.91,2,191.82,Credit Card,Instagram,No,0,191.82
7/29/2025,INV100606,CUST8516,36-45,Male,Negeri Sembilan,Bottoms,Batik Skirt,Normal,149.17,5,745.8499999999999,Cash,Online,No,0,745.8499999999999
6/11/2025,INV100607,CUST7580,26-35,Female,Selangor,Footwear,Heels,Normal,138.83,2,277.66,Cash,Shopee,No,0,277.66
7/25/2025,INV100608,CUST5986,36-45,Female,Selangor,Accessories,Bangles,Normal,129.87,2,259.74,E-Wallet (GrabPay),Instagram,Yes,44.94,214.8
11/16/2025,INV100609,CUST8244,36-45,Others,Perak,Bottoms,Slim Fit Jeans,Normal,35.17,5,175.85000000000002,E-Wallet (TnG),Instagram,Yes,28.42,147.43
10/4/2025,INV100610,CUST5651,26-35,Male,Sabah,Hijabs,Cotton Hijab,Normal,156.27,2,312.54,Cash,Online,No,0,312.54
5/4/2025,INV100611,CUST5979,46-60,Others,Kuala Lumpur,Tops,Cotton Shirt,Ramadan,132.86,3,398.58000000000004,Cash,Online,Yes,25.19,373.39000000000004
10/21/2025,INV100612,CUST1085,46-60,Female,Johor,Hijabs,Printed Hijab,Normal,148.64,5,743.1999999999999,Credit Card,Shopee,No,0,743.1999999999999
5/26/2025,INV100613,CUST3293,46-60,Others,Johor,Tops,Cotton Shirt,Merdeka,124.83,3,374.49,E-Wallet (GrabPay),Online,Yes,37.02,337.47
7/30/2025,INV100614,CUST2342,18-25,Male,Perak,Bottoms,Slim Fit Jeans,Normal,58.66,1,58.66,E-Wallet (TnG),Instagram,No,0,58.66
5/16/2025,INV100615,CUST9172,46-60,Female,Negeri Sembilan,Footwear,Heels,Chinese New Year,111.04,4,444.16,E-Wallet (GrabPay),In-Store,Yes,36.25,407.91
8/22/2025,INV100616,CUST8755,18-25,Others,Penang,Hijabs,Cotton Hijab,New Year,128.29,4,513.16,Cash,Online,No,0,513.16
10/20/2025,INV100617,CUST5744,18-25,Others,Penang,Tops,Cotton Shirt,Normal,74.89,3,224.67000000000002,E-Wallet (TnG),Shopee,No,0,224.67000000000002
1/15/2025,INV100618,CUST3340,26-35,Others,Perak,Tops,Cotton Shirt,Ramadan,58.8,4,235.2,Cash,Online,No,0,235.2
2/4/2025,INV100619,CUST1732,46-60,Female,Sabah,Hijabs,Cotton Hijab,Ramadan,160.64,4,642.56,Credit Card,In-Store,No,0,642.56
8/19/2025,INV100620,CUST8357,26-35,Others,Sarawak,Tops,Linen Tunic,Year End,132.25,4,529,Credit Card,Instagram,No,0,529
10/4/2025,INV100621,CUST1750,46-60,Others,Sabah,Tops,Floral Blouse,Normal,147.3,5,736.5,E-Wallet (TnG),Online,Yes,13.66,722.84
11/13/2025,INV100622,CUST9877,18-25,Others,Johor,Footwear,Sandals,Normal,181.44,1,181.44,Credit Card,Online,No,0,181.44
4/16/2025,INV100623,CUST5018,46-60,Male,Sarawak,Footwear,Sandals,New Year,108.47,1,108.47,E-Wallet (TnG),Instagram,Yes,23.67,84.8
9/28/2025,INV100624,CUST6199,46-60,Female,Kuala Lumpur,Tops,Floral Blouse,Normal,117.52,3,352.56,Credit Card,In-Store,No,0,352.56
2/15/2025,INV100625,CUST3526,36-45,Female,Penang,Tops,Linen Tunic,Ramadan,52.66,1,52.66,E-Wallet (TnG),Instagram,Yes,19.4,33.26
7/31/2025,INV100626,CUST6311,36-45,Female,Kuala Lumpur,Tops,Floral Blouse,Normal,63.13,5,315.65000000000003,Credit Card,Instagram,No,0,315.65000000000003
2/28/2025,INV100627,CUST5412,18-25,Female,Negeri Sembilan,Hijabs,Cotton Hijab,New Year,107.15,4,428.6,Credit Card,Online,No,0,428.6
10/11/2025,INV100628,CUST2663,26-35,Others,Penang,Accessories,Bangles,Normal,93.21,1,93.21,Credit Card,In-Store,No,0,93.21
10/4/2025,INV100629,CUST3755,26-35,Others,Perak,Hijabs,Cotton Hijab,Normal,27.52,4,110.08,E-Wallet (TnG),In-Store,Yes,7.71,102.37
9/4/2025,INV100630,CUST5477,36-45,Others,Perak,Accessories,Bangles,Normal,58.3,5,291.5,E-Wallet (TnG),Online,Yes,38.26,253.24
10/16/2025,INV100631,CUST2145,36-45,Male,Perak,Tops,Floral Blouse,Normal,150.51,3,451.53,E-Wallet (GrabPay),In-Store,No,0,451.53
12/16/2025,INV100632,CUST6613,36-45,Others,Negeri Sembilan,Accessories,Handbag,Year End,196.94,3,590.8199999999999,Credit Card,Instagram,No,0,590.8199999999999
1/9/2025,INV100633,CUST3190,18-25,Others,Negeri Sembilan,Tops,Floral Blouse,Year End,51.24,5,256.2,E-Wallet (GrabPay),Instagram,Yes,40.43,215.76999999999998
11/29/2025,INV100634,CUST2270,18-25,Others,Negeri Sembilan,Tops,Cotton Shirt,Normal,194.97,4,779.88,E-Wallet (TnG),Instagram,Yes,42.76,737.12
12/23/2025,INV100635,CUST1138,18-25,Female,Sarawak,Bottoms,Slim Fit Jeans,New Year,59.87,1,59.87,E-Wallet (TnG),Shopee,Yes,9.05,50.81999999999999
11/11/2025,INV100636,CUST5967,26-35,Male,Negeri Sembilan,Accessories,Handbag,Normal,70.54,5,352.70000000000005,Credit Card,Online,Yes,49.29,303.41
11/23/2025,INV100637,CUST7489,18-25,Female,Negeri Sembilan,Bottoms,Palazzo Pants,Normal,54.88,5,274.40000000000003,Credit Card,Online,Yes,38.57,235.83000000000004
3/7/2025,INV100638,CUST5253,26-35,Others,Sabah,Bottoms,Palazzo Pants,Normal,24.16,5,120.8,E-Wallet (TnG),Instagram,Yes,47.21,73.59
11/25/2025,INV100639,CUST1849,36-45,Female,Perak,Accessories,Handbag,Normal,142.43,4,569.72,E-Wallet (GrabPay),Shopee,Yes,44.77,524.95
4/25/2025,INV100640,CUST1769,36-45,Female,Negeri Sembilan,Accessories,Handbag,Hari Raya,55.03,1,55.03,Cash,In-Store,No,0,55.03
2/8/2025,INV100641,CUST5095,26-35,Male,Sarawak,Accessories,Handbag,Year End,132.55,1,132.55,E-Wallet (GrabPay),Instagram,Yes,31.66,100.89000000000001
11/17/2025,INV100642,CUST6477,36-45,Male,Kuala Lumpur,Footwear,Heels,Normal,192.58,1,192.58,E-Wallet (TnG),In-Store,Yes,39.91,152.67000000000002
11/14/2025,INV100643,CUST8184,18-25,Others,Negeri Sembilan,Hijabs,Silk Hijab,Normal,35.4,1,35.4,Cash,Instagram,No,0,35.4
12/22/2025,INV100644,CUST2065,26-35,Male,Negeri Sembilan,Tops,Cotton Shirt,Merdeka,132.71,1,132.71,Cash,Online,Yes,18.27,114.44000000000001
7/15/2025,INV100645,CUST7581,18-25,Others,Perak,Bottoms,Palazzo Pants,Normal,161.75,5,808.75,Cash,Instagram,No,0,808.75
8/26/2025,INV100646,CUST8014,18-25,Female,Selangor,Footwear,Sandals,Ramadan,125.81,1,125.81,Cash,Online,Yes,31.68,94.13
4/10/2025,INV100647,CUST3064,36-45,Female,Perak,Footwear,Sandals,Merdeka,100.03,2,200.06,Credit Card,Online,Yes,10.75,189.31
10/27/2025,INV100648,CUST8140,36-45,Female,Penang,Bottoms,Slim Fit Jeans,Normal,75.56,3,226.68,E-Wallet (TnG),Shopee,Yes,28.3,198.38
12/3/2025,INV100649,CUST3369,18-25,Male,Selangor,Footwear,Sneakers,Chinese New Year,195.77,2,391.54,Cash,Shopee,Yes,35.05,356.49
12/22/2025,INV100650,CUST8657,36-45,Others,Sarawak,Hijabs,Cotton Hijab,Hari Raya,79.15,1,79.15,E-Wallet (GrabPay),Online,No,0,79.15
4/23/2025,INV100651,CUST1060,26-35,Others,Johor,Footwear,Sandals,Chinese New Year,63.02,3,189.06,E-Wallet (GrabPay),In-Store,No,0,189.06
4/5/2025,INV100652,CUST1110,36-45,Male,Kuala Lumpur,Accessories,Handbag,Merdeka,40.73,3,122.19,E-Wallet (GrabPay),In-Store,No,0,122.19
1/23/2025,INV100653,CUST1486,26-35,Male,Sabah,Bottoms,Batik Skirt,Ramadan,149.39,3,448.16999999999996,Credit Card,In-Store,Yes,5.97,442.19999999999993
5/15/2025,INV100654,CUST2657,18-25,Others,Penang,Footwear,Sandals,New Year,80.91,2,161.82,E-Wallet (TnG),Instagram,Yes,21.63,140.19
7/10/2025,INV100655,CUST3807,46-60,Others,Kuala Lumpur,Tops,Floral Blouse,Normal,178.89,2,357.78,Credit Card,In-Store,No,0,357.78
12/22/2025,INV100656,CUST7131,36-45,Others,Perak,Bottoms,Batik Skirt,Merdeka,125.72,5,628.6,E-Wallet (TnG),In-Store,No,0,628.6
5/7/2025,INV100657,CUST1872,36-45,Male,Negeri Sembilan,Bottoms,Palazzo Pants,New Year,161.24,5,806.2,Cash,In-Store,No,0,806.2
11/27/2025,INV100658,CUST9342,36-45,Female,Negeri Sembilan,Bottoms,Slim Fit Jeans,Normal,148.25,5,741.25,E-Wallet (GrabPay),Instagram,No,0,741.25
5/18/2025,INV100659,CUST7569,18-25,Male,Johor,Bottoms,Slim Fit Jeans,Chinese New Year,91.26,3,273.78000000000003,E-Wallet (GrabPay),Instagram,Yes,47.1,226.68000000000004
7/11/2025,INV100660,CUST5170,18-25,Male,Kuala Lumpur,Accessories,Scarf,Normal,113.39,2,226.78,Cash,Instagram,No,0,226.78
8/7/2025,INV100661,CUST8391,46-60,Female,Perak,Accessories,Scarf,Ramadan,69.14,1,69.14,Credit Card,Instagram,Yes,16.95,52.19
2/8/2025,INV100662,CUST6883,18-25,Female,Kuala Lumpur,Accessories,Handbag,New Year,41.35,3,124.05000000000001,Cash,In-Store,No,0,124.05000000000001
4/11/2025,INV100663,CUST6394,36-45,Female,Sabah,Bottoms,Palazzo Pants,Merdeka,199.64,5,998.1999999999999,E-Wallet (TnG),Online,No,0,998.1999999999999
5/25/2025,INV100664,CUST6679,46-60,Female,Selangor,Footwear,Sandals,Merdeka,198.07,2,396.14,E-Wallet (GrabPay),In-Store,Yes,37.55,358.59
4/18/2025,INV100665,CUST8773,26-35,Others,Negeri Sembilan,Footwear,Sneakers,New Year,76.35,2,152.7,E-Wallet (GrabPay),Instagram,Yes,24.74,127.96
10/13/2025,INV100666,CUST1493,36-45,Male,Penang,Accessories,Bangles,Normal,21.74,3,65.22,E-Wallet (TnG),In-Store,No,0,65.22
8/6/2025,INV100667,CUST7608,36-45,Female,Selangor,Hijabs,Silk Hijab,Chinese New Year,47.66,3,142.98,E-Wallet (GrabPay),Instagram,Yes,47.69,95.28999999999999
2/2/2025,INV100668,CUST9757,46-60,Male,Negeri Sembilan,Tops,Cotton Shirt,Merdeka,193.15,3,579.45,Cash,In-Store,Yes,35.37,544.08
4/1/2025,INV100669,CUST1525,46-60,Male,Penang,Bottoms,Batik Skirt,Hari Raya,71.09,2,142.18,E-Wallet (TnG),Online,No,0,142.18
1/30/2025,INV100670,CUST7039,18-25,Male,Sarawak,Footwear,Sneakers,Chinese New Year,198.13,2,396.26,E-Wallet (GrabPay),Instagram,Yes,22.5,373.76
4/16/2025,INV100671,CUST3128,26-35,Female,Perak,Footwear,Heels,Merdeka,123.52,3,370.56,Credit Card,Instagram,No,0,370.56
4/14/2025,INV100672,CUST1121,26-35,Female,Kuala Lumpur,Footwear,Sandals,Chinese New Year,114.65,5,573.25,E-Wallet (GrabPay),Instagram,No,0,573.25
10/22/2025,INV100673,CUST1640,18-25,Female,Negeri Sembilan,Accessories,Bangles,Normal,171.68,3,515.04,E-Wallet (GrabPay),In-Store,No,0,515.04
5/8/2025,INV100674,CUST3942,46-60,Female,Perak,Bottoms,Palazzo Pants,Merdeka,37.2,1,37.2,Credit Card,In-Store,No,0,37.2
11/18/2025,INV100675,CUST9810,36-45,Others,Kuala Lumpur,Bottoms,Slim Fit Jeans,Normal,94.03,5,470.15,Cash,Shopee,Yes,38.99,431.15999999999997
9/16/2025,INV100676,CUST6341,46-60,Female,Penang,Accessories,Handbag,Normal,111.09,4,444.36,Cash,Online,No,0,444.36
7/15/2025,INV100677,CUST6630,46-60,Male,Perak,Tops,Floral Blouse,Normal,65.11,2,130.22,E-Wallet (TnG),Instagram,No,0,130.22
8/25/2025,INV100678,CUST2117,18-25,Others,Johor,Footwear,Heels,Hari Raya,167.68,2,335.36,Credit Card,Online,Yes,12.98,322.38
3/5/2025,INV100679,CUST9759,46-60,Male,Kuala Lumpur,Tops,Linen Tunic,Normal,69.19,4,276.76,E-Wallet (TnG),In-Store,Yes,37.15,239.60999999999999
12/12/2025,INV100680,CUST9721,26-35,Female,Selangor,Hijabs,Printed Hijab,Year End,148.95,1,148.95,E-Wallet (GrabPay),Shopee,No,0,148.95
1/27/2025,INV100681,CUST1076,18-25,Female,Johor,Bottoms,Slim Fit Jeans,Chinese New Year,56,1,56,E-Wallet (GrabPay),Online,Yes,20.17,35.83
4/9/2025,INV100682,CUST2035,26-35,Male,Penang,Bottoms,Batik Skirt,Hari Raya,112.25,3,336.75,E-Wallet (TnG),In-Store,Yes,47.04,289.71
7/22/2025,INV100683,CUST8010,18-25,Male,Johor,Tops,Cotton Shirt,Normal,78.21,1,78.21,E-Wallet (GrabPay),Shopee,Yes,22.51,55.69999999999999
8/23/2025,INV100684,CUST4606,18-25,Others,Sabah,Hijabs,Cotton Hijab,New Year,32.12,2,64.24,E-Wallet (GrabPay),Shopee,No,0,64.24
2/22/2025,INV100685,CUST9784,26-35,Female,Kuala Lumpur,Hijabs,Cotton Hijab,Year End,145.34,2,290.68,E-Wallet (TnG),In-Store,No,0,290.68
12/8/2025,INV100686,CUST8899,18-25,Female,Selangor,Hijabs,Printed Hijab,Hari Raya,88.83,2,177.66,Cash,In-Store,Yes,32.74,144.92
3/5/2025,INV100687,CUST6060,26-35,Others,Perak,Bottoms,Palazzo Pants,Normal,34.29,2,68.58,E-Wallet (TnG),Instagram,No,0,68.58
4/14/2025,INV100688,CUST3484,46-60,Male,Selangor,Bottoms,Palazzo Pants,Merdeka,197.94,4,791.76,E-Wallet (TnG),In-Store,No,0,791.76
6/12/2025,INV100689,CUST1648,46-60,Others,Sabah,Tops,Floral Blouse,Normal,172.45,3,517.3499999999999,E-Wallet (TnG),In-Store,Yes,29.27,488.0799999999999
12/7/2025,INV100690,CUST5068,26-35,Others,Perak,Hijabs,Cotton Hijab,Chinese New Year,99.62,1,99.62,Cash,Instagram,Yes,47.91,51.71000000000001
1/27/2025,INV100691,CUST3318,26-35,Male,Kuala Lumpur,Bottoms,Palazzo Pants,Merdeka,169.62,2,339.24,Credit Card,Online,No,0,339.24
8/28/2025,INV100692,CUST6103,26-35,Others,Johor,Bottoms,Slim Fit Jeans,Chinese New Year,129.05,3,387.15000000000003,E-Wallet (TnG),Instagram,Yes,17.23,369.92
9/4/2025,INV100693,CUST2310,36-45,Female,Perak,Bottoms,Slim Fit Jeans,Normal,99.45,5,497.25,E-Wallet (GrabPay),In-Store,No,0,497.25
1/11/2025,INV100694,CUST7249,46-60,Male,Sabah,Hijabs,Printed Hijab,Chinese New Year,119.51,2,239.02,E-Wallet (TnG),Instagram,No,0,239.02
6/6/2025,INV100695,CUST8431,36-45,Female,Negeri Sembilan,Tops,Cotton Shirt,Normal,44.6,4,178.4,Credit Card,In-Store,Yes,5.19,173.21
9/14/2025,INV100696,CUST7131,46-60,Female,Perak,Footwear,Sandals,Normal,87.17,4,348.68,E-Wallet (TnG),Online,No,0,348.68
1/20/2025,INV100697,CUST3039,46-60,Others,Penang,Bottoms,Slim Fit Jeans,Ramadan,158.83,3,476.49,E-Wallet (GrabPay),Shopee,Yes,34.29,442.2
8/6/2025,INV100698,CUST5043,26-35,Female,Selangor,Accessories,Bangles,Year End,141.76,2,283.52,E-Wallet (TnG),Instagram,Yes,16.44,267.08
11/5/2025,INV100699,CUST3644,18-25,Male,Kuala Lumpur,Footwear,Sneakers,Normal,147.09,1,147.09,Credit Card,Instagram,Yes,42.34,104.75
5/10/2025,INV100700,CUST5951,46-60,Others,Sabah,Footwear,Sandals,New Year,39.67,5,198.35000000000002,E-Wallet (TnG),In-Store,No,0,198.35000000000002
4/18/2025,INV100701,CUST7520,36-45,Male,Penang,Footwear,Heels,New Year,32.57,4,130.28,E-Wallet (GrabPay),Shopee,No,0,130.28
3/29/2025,INV100702,CUST3890,36-45,Male,Penang,Bottoms,Slim Fit Jeans,Normal,52.76,1,52.76,E-Wallet (GrabPay),In-Store,Yes,14.04,38.72
4/4/2025,INV100703,CUST4143,36-45,Female,Negeri Sembilan,Hijabs,Silk Hijab,Year End,49.9,3,149.7,Cash,Instagram,Yes,17.45,132.25
6/25/2025,INV100704,CUST1486,26-35,Female,Negeri Sembilan,Tops,Floral Blouse,Normal,30.99,1,30.99,Cash,Online,Yes,28.51,2.479999999999997
1/4/2025,INV100705,CUST7154,36-45,Female,Negeri Sembilan,Accessories,Bangles,Hari Raya,80.58,3,241.74,E-Wallet (TnG),In-Store,No,0,241.74
12/7/2025,INV100706,CUST7528,46-60,Others,Selangor,Accessories,Scarf,New Year,20.56,4,82.24,Credit Card,Online,Yes,44.11,38.129999999999995
5/24/2025,INV100707,CUST5072,36-45,Female,Negeri Sembilan,Hijabs,Cotton Hijab,Year End,53.83,3,161.49,Cash,Shopee,Yes,48.63,112.86000000000001
6/16/2025,INV100708,CUST8279,26-35,Others,Negeri Sembilan,Footwear,Sandals,Normal,130.27,1,130.27,E-Wallet (TnG),Instagram,No,0,130.27
12/4/2025,INV100709,CUST2645,46-60,Female,Johor,Bottoms,Palazzo Pants,Merdeka,161.28,5,806.4,Cash,In-Store,No,0,806.4
2/14/2025,INV100710,CUST5937,46-60,Male,Negeri Sembilan,Tops,Cotton Shirt,Year End,117.32,2,234.64,Credit Card,In-Store,Yes,9.75,224.89
1/15/2025,INV100711,CUST3625,36-45,Female,Sabah,Bottoms,Palazzo Pants,Ramadan,139.87,1,139.87,Credit Card,Instagram,Yes,40.8,99.07000000000001
6/20/2025,INV100712,CUST4666,18-25,Others,Sarawak,Footwear,Sandals,Normal,153.73,4,614.92,E-Wallet (GrabPay),In-Store,Yes,16.66,598.26
5/29/2025,INV100713,CUST2436,18-25,Male,Sarawak,Hijabs,Silk Hijab,Year End,189.56,5,947.8,E-Wallet (TnG),In-Store,No,0,947.8
7/14/2025,INV100714,CUST1027,36-45,Male,Johor,Footwear,Sneakers,Normal,77.54,3,232.62,Credit Card,In-Store,Yes,22.79,209.83
10/3/2025,INV100715,CUST8546,36-45,Male,Sabah,Bottoms,Slim Fit Jeans,Normal,142.4,2,284.8,E-Wallet (TnG),In-Store,Yes,31.95,252.85000000000002
6/8/2025,INV100716,CUST9230,18-25,Female,Negeri Sembilan,Bottoms,Slim Fit Jeans,Normal,72.47,4,289.88,Cash,Shopee,Yes,42.25,247.63
4/18/2025,INV100717,CUST4687,18-25,Male,Negeri Sembilan,Footwear,Sneakers,Year End,184.23,2,368.46,Cash,Instagram,No,0,368.46
8/5/2025,INV100718,CUST8756,36-45,Female,Perak,Tops,Linen Tunic,Year End,70.95,2,141.9,E-Wallet (GrabPay),Online,Yes,19.55,122.35000000000001
10/25/2025,INV100719,CUST1886,36-45,Female,Penang,Hijabs,Silk Hijab,Normal,99.54,4,398.16,E-Wallet (TnG),In-Store,Yes,14.82,383.34000000000003
4/11/2025,INV100720,CUST1149,36-45,Others,Kuala Lumpur,Bottoms,Slim Fit Jeans,Hari Raya,142.3,2,284.6,Cash,Online,No,0,284.6
8/31/2025,INV100721,CUST3943,18-25,Male,Sarawak,Hijabs,Cotton Hijab,Chinese New Year,132.86,4,531.44,Credit Card,Online,Yes,15.84,515.6
9/8/2025,INV100722,CUST5959,26-35,Others,Perak,Tops,Cotton Shirt,Normal,175.68,4,702.72,E-Wallet (TnG),Instagram,No,0,702.72
1/6/2025,INV100723,CUST2966,18-25,Male,Kuala Lumpur,Footwear,Sandals,Year End,183.53,2,367.06,Cash,Instagram,No,0,367.06
12/22/2025,INV100724,CUST2549,26-35,Female,Negeri Sembilan,Footwear,Sneakers,Merdeka,42.54,3,127.62,Cash,In-Store,No,0,127.62
12/25/2025,INV100725,CUST1323,46-60,Others,Negeri Sembilan,Tops,Linen Tunic,Merdeka,117.02,1,117.02,Credit Card,Online,Yes,43.79,73.22999999999999
12/22/2025,INV100726,CUST3948,18-25,Others,Negeri Sembilan,Accessories,Handbag,New Year,43.19,2,86.38,Credit Card,Online,No,0,86.38
1/18/2025,INV100727,CUST2386,18-25,Others,Sabah,Accessories,Bangles,Chinese New Year,96.15,1,96.15,Credit Card,Shopee,Yes,47.58,48.57000000000001
9/23/2025,INV100728,CUST5807,46-60,Male,Negeri Sembilan,Accessories,Bangles,Normal,183.94,3,551.8199999999999,Credit Card,Online,Yes,15.67,536.15
4/7/2025,INV100729,CUST3321,36-45,Male,Penang,Hijabs,Printed Hijab,Chinese New Year,126.52,3,379.56,Credit Card,Instagram,Yes,29.74,349.82
5/14/2025,INV100730,CUST7255,26-35,Female,Negeri Sembilan,Tops,Cotton Shirt,Year End,96.56,2,193.12,Credit Card,Online,No,0,193.12
11/21/2025,INV100731,CUST4156,36-45,Others,Penang,Footwear,Heels,Normal,76.94,4,307.76,E-Wallet (GrabPay),Online,Yes,8.49,299.27
3/5/2025,INV100732,CUST9707,18-25,Others,Perak,Tops,Cotton Shirt,Normal,135.23,3,405.68999999999994,E-Wallet (TnG),Shopee,Yes,44.1,361.5899999999999
4/26/2025,INV100733,CUST5483,18-25,Male,Perak,Bottoms,Slim Fit Jeans,New Year,160.89,1,160.89,Credit Card,Shopee,No,0,160.89
2/18/2025,INV100734,CUST9666,36-45,Others,Sabah,Hijabs,Cotton Hijab,Merdeka,37.83,1,37.83,Credit Card,Shopee,No,0,37.83
4/3/2025,INV100735,CUST6655,46-60,Female,Penang,Accessories,Handbag,Year End,112.44,2,224.88,Credit Card,In-Store,No,0,224.88
10/18/2025,INV100736,CUST5380,18-25,Others,Sarawak,Bottoms,Palazzo Pants,Normal,129.57,4,518.28,Credit Card,Instagram,No,0,518.28
8/28/2025,INV100737,CUST9228,36-45,Female,Perak,Hijabs,Printed Hijab,Chinese New Year,74.93,1,74.93,E-Wallet (TnG),Instagram,No,0,74.93
2/16/2025,INV100738,CUST2302,18-25,Others,Johor,Tops,Floral Blouse,Merdeka,30.33,3,90.99,E-Wallet (GrabPay),Online,No,0,90.99
12/13/2025,INV100739,CUST9334,26-35,Female,Negeri Sembilan,Hijabs,Printed Hijab,Year End,179.85,1,179.85,E-Wallet (GrabPay),Online,Yes,45.99,133.85999999999999
1/4/2025,INV100740,CUST7962,36-45,Male,Selangor,Hijabs,Cotton Hijab,Chinese New Year,141.41,5,707.05,Credit Card,In-Store,Yes,21.52,685.53
3/10/2025,INV100741,CUST9416,36-45,Male,Perak,Footwear,Sneakers,Normal,50.69,1,50.69,E-Wallet (TnG),In-Store,Yes,18.05,32.64
9/5/2025,INV100742,CUST5809,36-45,Male,Selangor,Hijabs,Cotton Hijab,Normal,59.14,3,177.42000000000002,Cash,Instagram,No,0,177.42000000000002
1/30/2025,INV100743,CUST6828,18-25,Others,Negeri Sembilan,Accessories,Scarf,Ramadan,39.29,3,117.87,Credit Card,Instagram,No,0,117.87
1/5/2025,INV100744,CUST2660,46-60,Female,Johor,Tops,Linen Tunic,Merdeka,181.73,4,726.92,Cash,Instagram,Yes,12,714.92
12/3/2025,INV100745,CUST5098,26-35,Female,Perak,Accessories,Scarf,Ramadan,97.1,2,194.2,E-Wallet (TnG),Online,No,0,194.2
12/3/2025,INV100746,CUST8198,26-35,Male,Sarawak,Footwear,Heels,Ramadan,179.04,2,358.08,Cash,In-Store,No,0,358.08
1/21/2025,INV100747,CUST3190,46-60,Female,Sarawak,Tops,Floral Blouse,Year End,55.82,4,223.28,E-Wallet (TnG),Online,No,0,223.28
9/8/2025,INV100748,CUST9119,26-35,Female,Perak,Hijabs,Printed Hijab,Normal,186.24,4,744.96,Credit Card,Online,Yes,40.67,704.2900000000001
3/6/2025,INV100749,CUST3548,36-45,Others,Selangor,Bottoms,Batik Skirt,Normal,142.1,3,426.29999999999995,E-Wallet (GrabPay),Online,No,0,426.29999999999995
9/3/2025,INV100750,CUST5742,36-45,Female,Kuala Lumpur,Footwear,Heels,Normal,131.17,5,655.8499999999999,Credit Card,In-Store,No,0,655.8499999999999
2/28/2025,INV100751,CUST5317,26-35,Others,Perak,Bottoms,Slim Fit Jeans,Year End,160.89,1,160.89,Credit Card,In-Store,Yes,15.32,145.57
3/9/2025,INV100752,CUST7574,18-25,Female,Johor,Bottoms,Slim Fit Jeans,Normal,23.18,2,46.36,Cash,Online,No,0,46.36
7/28/2025,INV100753,CUST9601,36-45,Others,Johor,Bottoms,Slim Fit Jeans,Normal,96.69,1,96.69,E-Wallet (GrabPay),Online,No,0,96.69
2/26/2025,INV100754,CUST5411,36-45,Female,Sarawak,Footwear,Heels,Ramadan,181.12,2,362.24,Cash,Online,Yes,34.72,327.52
6/14/2025,INV100755,CUST4473,36-45,Female,Sabah,Hijabs,Silk Hijab,Normal,97.56,3,292.68,E-Wallet (GrabPay),Shopee,No,0,292.68
6/5/2025,INV100756,CUST2827,18-25,Others,Selangor,Hijabs,Silk Hijab,Normal,79.62,3,238.86,E-Wallet (TnG),In-Store,No,0,238.86
4/18/2025,INV100757,CUST7292,18-25,Male,Penang,Hijabs,Silk Hijab,New Year,125.58,2,251.16,Credit Card,Instagram,Yes,8.37,242.79
10/7/2025,INV100758,CUST6618,36-45,Others,Negeri Sembilan,Bottoms,Palazzo Pants,Normal,149.74,1,149.74,Credit Card,In-Store,No,0,149.74
10/9/2025,INV100759,CUST5137,36-45,Female,Negeri Sembilan,Tops,Cotton Shirt,Normal,32.19,4,128.76,Cash,In-Store,No,0,128.76
12/23/2025,INV100760,CUST3112,36-45,Male,Selangor,Bottoms,Palazzo Pants,Hari Raya,109.1,5,545.5,Cash,In-Store,No,0,545.5
9/18/2025,INV100761,CUST7293,46-60,Female,Sabah,Bottoms,Batik Skirt,Normal,20.65,5,103.25,Credit Card,Online,No,0,103.25
9/15/2025,INV100762,CUST9602,36-45,Female,Johor,Accessories,Bangles,Normal,68.33,1,68.33,Credit Card,In-Store,Yes,29.01,39.31999999999999
5/30/2025,INV100763,CUST1640,26-35,Female,Penang,Accessories,Handbag,Year End,196.4,2,392.8,Cash,Online,No,0,392.8
11/20/2025,INV100764,CUST7047,36-45,Male,Sabah,Bottoms,Slim Fit Jeans,Normal,181.7,3,545.0999999999999,E-Wallet (TnG),Online,Yes,42.08,503.0199999999999
4/23/2025,INV100765,CUST5582,26-35,Female,Selangor,Hijabs,Printed Hijab,Merdeka,39.16,4,156.64,E-Wallet (TnG),In-Store,No,0,156.64
4/23/2025,INV100766,CUST6312,36-45,Male,Perak,Bottoms,Slim Fit Jeans,Chinese New Year,151.37,4,605.48,E-Wallet (TnG),In-Store,No,0,605.48
2/17/2025,INV100767,CUST9125,26-35,Female,Penang,Bottoms,Batik Skirt,Merdeka,108.29,2,216.58,E-Wallet (TnG),Online,No,0,216.58
3/25/2025,INV100768,CUST3911,46-60,Others,Johor,Tops,Floral Blouse,Normal,32.97,2,65.94,E-Wallet (GrabPay),Instagram,Yes,37.59,28.349999999999994
3/12/2025,INV100769,CUST1193,18-25,Female,Perak,Tops,Floral Blouse,Normal,168.78,1,168.78,Credit Card,In-Store,Yes,17.04,151.74
11/18/2025,INV100770,CUST1221,18-25,Male,Sarawak,Tops,Floral Blouse,Normal,45.06,5,225.3,E-Wallet (GrabPay),In-Store,No,0,225.3
6/19/2025,INV100771,CUST8846,26-35,Male,Selangor,Hijabs,Printed Hijab,Normal,68.14,5,340.7,Cash,Online,Yes,9.63,331.07
6/1/2025,INV100772,CUST2680,46-60,Male,Selangor,Bottoms,Batik Skirt,Normal,60.8,4,243.2,Credit Card,Shopee,No,0,243.2
4/26/2025,INV100773,CUST7303,18-25,Female,Penang,Tops,Floral Blouse,New Year,192.16,3,576.48,E-Wallet (TnG),Online,No,0,576.48
3/2/2025,INV100774,CUST6906,18-25,Male,Penang,Bottoms,Slim Fit Jeans,Normal,115.49,5,577.4499999999999,Credit Card,Instagram,Yes,45.19,532.26
12/18/2025,INV100775,CUST5940,36-45,Female,Kuala Lumpur,Accessories,Scarf,Year End,86.44,3,259.32,Cash,Online,Yes,40,219.32
3/17/2025,INV100776,CUST6247,26-35,Female,Negeri Sembilan,Footwear,Heels,Normal,40.37,4,161.48,E-Wallet (TnG),In-Store,Yes,19.54,141.94
3/7/2025,INV100777,CUST3979,46-60,Female,Sarawak,Footwear,Sneakers,Normal,106.63,4,426.52,E-Wallet (TnG),In-Store,Yes,22.24,404.28
10/9/2025,INV100778,CUST9144,46-60,Others,Johor,Footwear,Heels,Normal,124.57,4,498.28,Credit Card,Online,Yes,21.28,477
4/15/2025,INV100779,CUST1281,36-45,Others,Negeri Sembilan,Bottoms,Batik Skirt,New Year,184.05,3,552.1500000000001,Credit Card,Shopee,No,0,552.1500000000001
3/15/2025,INV100780,CUST7898,26-35,Male,Johor,Tops,Linen Tunic,Normal,44.8,2,89.6,E-Wallet (GrabPay),Online,No,0,89.6
7/10/2025,INV100781,CUST1886,18-25,Others,Kuala Lumpur,Footwear,Sandals,Normal,176.69,1,176.69,Credit Card,Shopee,Yes,8.55,168.14
2/9/2025,INV100782,CUST1204,46-60,Male,Penang,Footwear,Sandals,Chinese New Year,154.66,3,463.98,E-Wallet (GrabPay),Instagram,No,0,463.98
8/16/2025,INV100783,CUST1216,36-45,Male,Penang,Tops,Linen Tunic,New Year,128.75,2,257.5,Credit Card,Online,No,0,257.5
8/5/2025,INV100784,CUST8443,36-45,Others,Sabah,Bottoms,Slim Fit Jeans,Chinese New Year,68.93,1,68.93,E-Wallet (GrabPay),In-Store,Yes,23.02,45.91000000000001
1/29/2025,INV100785,CUST4586,46-60,Male,Kuala Lumpur,Footwear,Sneakers,Ramadan,137.49,4,549.96,E-Wallet (GrabPay),In-Store,Yes,41.15,508.81000000000006
11/28/2025,INV100786,CUST7950,26-35,Female,Kuala Lumpur,Tops,Floral Blouse,Normal,85.29,3,255.87,Cash,In-Store,No,0,255.87
3/25/2025,INV100787,CUST9873,18-25,Male,Johor,Hijabs,Silk Hijab,Normal,156.17,3,468.51,Credit Card,In-Store,Yes,15.82,452.69
2/13/2025,INV100788,CUST1735,46-60,Male,Selangor,Accessories,Handbag,Ramadan,21.53,3,64.59,E-Wallet (TnG),Instagram,Yes,19.15,45.440000000000005
7/20/2025,INV100789,CUST6830,26-35,Others,Kuala Lumpur,Accessories,Scarf,Normal,181.37,5,906.85,Cash,In-Store,Yes,31.42,875.4300000000001
7/15/2025,INV100790,CUST8814,18-25,Female,Penang,Bottoms,Palazzo Pants,Normal,103.36,1,103.36,Credit Card,In-Store,Yes,39.6,63.76
3/24/2025,INV100791,CUST9218,36-45,Female,Penang,Accessories,Scarf,Normal,84.86,4,339.44,Cash,Instagram,Yes,14.4,325.04
11/9/2025,INV100792,CUST2228,26-35,Others,Negeri Sembilan,Tops,Floral Blouse,Normal,45.67,3,137.01,Cash,Instagram,Yes,25.47,111.53999999999999
3/28/2025,INV100793,CUST5843,26-35,Male,Sabah,Hijabs,Cotton Hijab,Normal,83.61,1,83.61,Credit Card,Instagram,No,0,83.61
8/31/2025,INV100794,CUST5194,46-60,Others,Penang,Tops,Linen Tunic,Hari Raya,27.13,3,81.39,E-Wallet (GrabPay),Instagram,Yes,24.84,56.55
9/20/2025,INV100795,CUST6138,36-45,Male,Perak,Hijabs,Cotton Hijab,Normal,67.31,1,67.31,Cash,In-Store,Yes,11.96,55.35
2/23/2025,INV100796,CUST5762,46-60,Male,Perak,Tops,Floral Blouse,Hari Raya,177.35,1,177.35,E-Wallet (TnG),Instagram,No,0,177.35
11/25/2025,INV100797,CUST9767,46-60,Male,Kuala Lumpur,Bottoms,Palazzo Pants,Normal,39.5,4,158,E-Wallet (GrabPay),In-Store,No,0,158
6/18/2025,INV100798,CUST2056,36-45,Female,Negeri Sembilan,Bottoms,Palazzo Pants,Normal,153.43,1,153.43,E-Wallet (TnG),Instagram,Yes,29.53,123.9
8/29/2025,INV100799,CUST3384,26-35,Female,Selangor,Hijabs,Cotton Hijab,New Year,188.56,3,565.6800000000001,E-Wallet (GrabPay),Instagram,Yes,7.43,558.2500000000001
1/12/2025,INV100800,CUST7929,36-45,Female,Penang,Tops,Floral Blouse,New Year,69.3,1,69.3,E-Wallet (TnG),Instagram,No,0,69.3
9/26/2025,INV100801,CUST4507,36-45,Male,Selangor,Tops,Cotton Shirt,Normal,81.56,3,244.68,Credit Card,In-Store,No,0,244.68
8/3/2025,INV100802,CUST8890,46-60,Others,Penang,Footwear,Sneakers,Year End,122.66,1,122.66,Credit Card,Online,Yes,19.57,103.09
6/12/2025,INV100803,CUST1232,26-35,Female,Penang,Footwear,Sneakers,Normal,40.45,4,161.8,E-Wallet (TnG),Online,No,0,161.8
3/6/2025,INV100804,CUST8361,18-25,Male,Johor,Bottoms,Slim Fit Jeans,Normal,145.36,2,290.72,E-Wallet (GrabPay),In-Store,No,0,290.72
4/18/2025,INV100805,CUST4131,18-25,Female,Sarawak,Tops,Cotton Shirt,Ramadan,110.38,1,110.38,E-Wallet (GrabPay),Instagram,No,0,110.38
7/30/2025,INV100806,CUST6762,36-45,Others,Perak,Hijabs,Cotton Hijab,Normal,40.41,2,80.82,E-Wallet (GrabPay),Instagram,No,0,80.82
4/1/2025,INV100807,CUST3664,46-60,Female,Sabah,Footwear,Sandals,Ramadan,146.38,1,146.38,Cash,Online,Yes,34.23,112.15
11/12/2025,INV100808,CUST7738,18-25,Female,Kuala Lumpur,Footwear,Sandals,Normal,124.62,1,124.62,E-Wallet (TnG),Instagram,Yes,15.03,109.59
8/21/2025,INV100809,CUST7243,18-25,Male,Negeri Sembilan,Tops,Cotton Shirt,Hari Raya,94.33,4,377.32,Cash,Shopee,Yes,27.84,349.48
5/18/2025,INV100810,CUST5333,36-45,Female,Johor,Tops,Cotton Shirt,New Year,22.8,2,45.6,E-Wallet (TnG),Shopee,No,0,45.6
3/29/2025,INV100811,CUST8045,26-35,Others,Perak,Bottoms,Palazzo Pants,Normal,136,1,136,E-Wallet (GrabPay),In-Store,No,0,136
3/30/2025,INV100812,CUST7604,36-45,Others,Penang,Footwear,Heels,Normal,37.92,2,75.84,Cash,Instagram,No,0,75.84
10/11/2025,INV100813,CUST3605,36-45,Male,Kuala Lumpur,Tops,Floral Blouse,Normal,98.74,5,493.7,Credit Card,Online,Yes,30.73,462.96999999999997
1/13/2025,INV100814,CUST3138,46-60,Others,Sarawak,Bottoms,Batik Skirt,Year End,181.62,3,544.86,Credit Card,In-Store,No,0,544.86
5/14/2025,INV100815,CUST1847,36-45,Male,Penang,Tops,Linen Tunic,Merdeka,176.05,1,176.05,E-Wallet (GrabPay),Online,Yes,11.38,164.67000000000002
5/15/2025,INV100816,CUST3959,18-25,Male,Negeri Sembilan,Accessories,Handbag,Hari Raya,38.12,1,38.12,E-Wallet (GrabPay),Online,No,0,38.12
11/17/2025,INV100817,CUST2250,26-35,Others,Perak,Footwear,Sneakers,Normal,134.04,4,536.16,Credit Card,In-Store,No,0,536.16
1/6/2025,INV100818,CUST3927,18-25,Male,Sarawak,Accessories,Scarf,Merdeka,128,1,128,Credit Card,Shopee,Yes,13.68,114.32
1/16/2025,INV100819,CUST9781,18-25,Others,Penang,Bottoms,Slim Fit Jeans,New Year,181.74,1,181.74,E-Wallet (TnG),In-Store,Yes,8.75,172.99
12/21/2025,INV100820,CUST3073,36-45,Female,Negeri Sembilan,Bottoms,Batik Skirt,Ramadan,147.46,3,442.38,E-Wallet (GrabPay),Instagram,No,0,442.38
9/20/2025,INV100821,CUST7552,26-35,Female,Penang,Bottoms,Palazzo Pants,Normal,172.29,3,516.87,E-Wallet (GrabPay),Online,No,0,516.87
3/26/2025,INV100822,CUST4372,46-60,Female,Negeri Sembilan,Footwear,Sandals,Normal,154.47,3,463.40999999999997,Cash,Instagram,No,0,463.40999999999997
4/13/2025,INV100823,CUST6782,36-45,Others,Kuala Lumpur,Footwear,Heels,New Year,192.46,3,577.38,E-Wallet (GrabPay),Shopee,No,0,577.38
7/23/2025,INV100824,CUST1490,18-25,Male,Sarawak,Footwear,Heels,Normal,84.39,1,84.39,Credit Card,Shopee,No,0,84.39
3/16/2025,INV100825,CUST6151,18-25,Male,Sarawak,Tops,Linen Tunic,Normal,79.2,4,316.8,E-Wallet (TnG),In-Store,Yes,22.35,294.45
11/5/2025,INV100826,CUST4476,26-35,Male,Sabah,Hijabs,Printed Hijab,Normal,33.47,4,133.88,E-Wallet (GrabPay),Shopee,No,0,133.88
4/12/2025,INV100827,CUST4229,18-25,Female,Negeri Sembilan,Tops,Cotton Shirt,Hari Raya,41.47,4,165.88,Credit Card,Shopee,No,0,165.88
5/2/2025,INV100828,CUST1348,36-45,Male,Selangor,Footwear,Sneakers,Chinese New Year,171.5,4,686,Cash,Online,No,0,686
11/27/2025,INV100829,CUST1266,18-25,Female,Kuala Lumpur,Footwear,Sandals,Normal,74.18,3,222.54000000000002,E-Wallet (TnG),Instagram,Yes,30.04,192.50000000000003
6/10/2025,INV100830,CUST9090,18-25,Female,Sabah,Footwear,Sneakers,Normal,172.76,1,172.76,E-Wallet (TnG),Online,Yes,15.08,157.67999999999998
1/6/2025,INV100831,CUST3273,18-25,Female,Perak,Bottoms,Batik Skirt,New Year,54.41,3,163.23,Cash,Online,No,0,163.23
1/23/2025,INV100832,CUST2815,18-25,Female,Kuala Lumpur,Accessories,Scarf,Year End,130.3,4,521.2,E-Wallet (TnG),In-Store,Yes,31.26,489.94000000000005
3/3/2025,INV100833,CUST3069,36-45,Male,Perak,Footwear,Sandals,Normal,42.03,5,210.15,Credit Card,Instagram,No,0,210.15
5/24/2025,INV100834,CUST6274,46-60,Male,Kuala Lumpur,Accessories,Scarf,Year End,34.9,5,174.5,Credit Card,In-Store,Yes,8.38,166.12
9/11/2025,INV100835,CUST1987,26-35,Male,Johor,Footwear,Sneakers,Normal,53.83,1,53.83,E-Wallet (TnG),In-Store,No,0,53.83
6/9/2025,INV100836,CUST8438,26-35,Others,Kuala Lumpur,Bottoms,Batik Skirt,Normal,185.01,4,740.04,E-Wallet (GrabPay),In-Store,No,0,740.04
4/7/2025,INV100837,CUST2124,36-45,Female,Penang,Accessories,Bangles,Year End,38.37,4,153.48,Cash,Online,Yes,5.75,147.73
8/24/2025,INV100838,CUST4064,36-45,Male,Negeri Sembilan,Hijabs,Cotton Hijab,Ramadan,67.8,5,339,Cash,Shopee,No,0,339
4/19/2025,INV100839,CUST3467,46-60,Others,Perak,Hijabs,Cotton Hijab,New Year,99.44,3,298.32,Cash,Online,No,0,298.32
8/5/2025,INV100840,CUST4177,36-45,Male,Perak,Bottoms,Palazzo Pants,Ramadan,115.32,4,461.28,E-Wallet (GrabPay),Online,Yes,34.09,427.18999999999994
2/26/2025,INV100841,CUST4597,18-25,Male,Selangor,Hijabs,Cotton Hijab,Chinese New Year,31.85,1,31.85,E-Wallet (TnG),In-Store,No,0,31.85
7/20/2025,INV100842,CUST7437,18-25,Male,Sabah,Footwear,Heels,Normal,50.79,2,101.58,E-Wallet (TnG),Shopee,No,0,101.58
1/2/2025,INV100843,CUST2544,26-35,Others,Negeri Sembilan,Accessories,Bangles,Chinese New Year,50.64,1,50.64,Credit Card,In-Store,No,0,50.64
8/22/2025,INV100844,CUST3323,18-25,Others,Negeri Sembilan,Footwear,Sneakers,New Year,51.95,3,155.85000000000002,Cash,In-Store,Yes,31.73,124.12000000000002
8/31/2025,INV100845,CUST1016,46-60,Male,Negeri Sembilan,Tops,Floral Blouse,New Year,122.11,3,366.33,Credit Card,In-Store,Yes,39.89,326.44
2/21/2025,INV100846,CUST5990,36-45,Female,Negeri Sembilan,Accessories,Bangles,Ramadan,139.41,3,418.23,E-Wallet (TnG),Instagram,Yes,42.25,375.98
6/4/2025,INV100847,CUST6467,46-60,Male,Sabah,Hijabs,Printed Hijab,Normal,135.16,2,270.32,E-Wallet (GrabPay),In-Store,Yes,21.07,249.25
1/16/2025,INV100848,CUST5003,46-60,Female,Johor,Tops,Floral Blouse,Hari Raya,134.97,3,404.90999999999997,E-Wallet (GrabPay),In-Store,No,0,404.90999999999997
12/14/2025,INV100849,CUST6715,36-45,Female,Perak,Accessories,Scarf,Chinese New Year,27.4,5,137,E-Wallet (TnG),Online,No,0,137
8/21/2025,INV100850,CUST6685,36-45,Male,Selangor,Footwear,Sandals,Chinese New Year,103.94,2,207.88,E-Wallet (TnG),In-Store,No,0,207.88
9/7/2025,INV100851,CUST5722,18-25,Female,Selangor,Footwear,Heels,Normal,59.12,5,295.59999999999997,Cash,Online,No,0,295.59999999999997
6/6/2025,INV100852,CUST1083,46-60,Female,Selangor,Tops,Cotton Shirt,Normal,44.79,3,134.37,Credit Card,Online,No,0,134.37
3/15/2025,INV100853,CUST4223,46-60,Others,Kuala Lumpur,Accessories,Handbag,Normal,25.78,3,77.34,Credit Card,Instagram,No,0,77.34
7/24/2025,INV100854,CUST2607,36-45,Female,Sabah,Bottoms,Palazzo Pants,Normal,98.45,3,295.35,Credit Card,In-Store,No,0,295.35
3/11/2025,INV100855,CUST7820,26-35,Female,Sabah,Tops,Cotton Shirt,Normal,122,4,488,Credit Card,Instagram,No,0,488
2/19/2025,INV100856,CUST3270,46-60,Others,Sarawak,Hijabs,Printed Hijab,Year End,84.36,3,253.07999999999998,E-Wallet (GrabPay),Instagram,No,0,253.07999999999998
7/30/2025,INV100857,CUST8557,18-25,Others,Selangor,Footwear,Heels,Normal,156.05,5,780.25,E-Wallet (TnG),In-Store,No,0,780.25
3/7/2025,INV100858,CUST9900,36-45,Male,Perak,Bottoms,Slim Fit Jeans,Normal,140.61,4,562.44,E-Wallet (GrabPay),Online,Yes,7.46,554.98
11/29/2025,INV100859,CUST2753,36-45,Others,Kuala Lumpur,Accessories,Bangles,Normal,106.66,3,319.98,Cash,Online,Yes,36.57,283.41
9/22/2025,INV100860,CUST3361,46-60,Male,Johor,Bottoms,Slim Fit Jeans,Normal,133.08,1,133.08,E-Wallet (GrabPay),In-Store,Yes,8.02,125.06000000000002
3/20/2025,INV100861,CUST2983,18-25,Male,Johor,Tops,Cotton Shirt,Normal,24.44,5,122.2,E-Wallet (GrabPay),Instagram,Yes,46.67,75.53
6/3/2025,INV100862,CUST7628,46-60,Male,Johor,Hijabs,Cotton Hijab,Normal,167.9,4,671.6,Cash,Instagram,Yes,33.63,637.97
4/5/2025,INV100863,CUST3321,26-35,Male,Johor,Footwear,Sneakers,Ramadan,72.1,1,72.1,E-Wallet (GrabPay),Shopee,No,0,72.1
7/20/2025,INV100864,CUST7321,18-25,Female,Perak,Footwear,Heels,Normal,25.03,4,100.12,Cash,Instagram,Yes,31.12,69
1/18/2025,INV100865,CUST8282,18-25,Female,Penang,Footwear,Sandals,Hari Raya,69.84,2,139.68,E-Wallet (TnG),In-Store,No,0,139.68
12/28/2025,INV100866,CUST9602,46-60,Others,Kuala Lumpur,Bottoms,Palazzo Pants,Chinese New Year,83.34,5,416.70000000000005,E-Wallet (TnG),Instagram,Yes,17.53,399.1700000000001
12/4/2025,INV100867,CUST5963,46-60,Male,Negeri Sembilan,Footwear,Sneakers,Merdeka,138.61,5,693.0500000000001,E-Wallet (TnG),In-Store,No,0,693.0500000000001
10/29/2025,INV100868,CUST6703,46-60,Male,Selangor,Tops,Linen Tunic,Normal,48.65,1,48.65,Cash,Instagram,No,0,48.65
6/15/2025,INV100869,CUST4793,26-35,Male,Penang,Footwear,Sneakers,Normal,186.03,1,186.03,E-Wallet (TnG),Online,Yes,43.11,142.92000000000002
2/7/2025,INV100870,CUST8234,36-45,Others,Selangor,Bottoms,Slim Fit Jeans,New Year,145.77,4,583.08,Credit Card,In-Store,Yes,16.36,566.72
8/13/2025,INV100871,CUST5687,26-35,Male,Penang,Footwear,Sandals,Chinese New Year,35.48,1,35.48,Cash,In-Store,Yes,41.45,-5.97
1/3/2025,INV100872,CUST6891,46-60,Others,Kuala Lumpur,Accessories,Handbag,Year End,151.4,5,757,E-Wallet (GrabPay),In-Store,Yes,30.67,726.33
8/31/2025,INV100873,CUST9205,36-45,Female,Penang,Tops,Cotton Shirt,Hari Raya,132.58,1,132.58,Cash,In-Store,No,0,132.58
2/21/2025,INV100874,CUST2932,46-60,Male,Selangor,Hijabs,Printed Hijab,Ramadan,24.06,3,72.17999999999999,E-Wallet (TnG),Instagram,No,0,72.17999999999999
2/4/2025,INV100875,CUST3586,36-45,Male,Johor,Hijabs,Printed Hijab,Merdeka,76.2,5,381,Cash,Online,No,0,381
5/15/2025,INV100876,CUST1491,18-25,Female,Perak,Accessories,Handbag,Ramadan,179.85,1,179.85,Credit Card,In-Store,No,0,179.85
12/6/2025,INV100877,CUST2021,26-35,Female,Kuala Lumpur,Hijabs,Printed Hijab,Year End,170.3,1,170.3,E-Wallet (TnG),Online,No,0,170.3
11/3/2025,INV100878,CUST2320,46-60,Male,Sabah,Tops,Floral Blouse,Normal,26.41,5,132.05,Credit Card,Shopee,No,0,132.05
9/2/2025,INV100879,CUST5971,26-35,Male,Selangor,Tops,Floral Blouse,Normal,116.15,4,464.6,Cash,Instagram,Yes,22.42,442.18
7/13/2025,INV100880,CUST3051,46-60,Others,Perak,Hijabs,Silk Hijab,Normal,40.8,1,40.8,E-Wallet (TnG),Shopee,Yes,20.44,20.359999999999996
1/30/2025,INV100881,CUST4902,26-35,Male,Selangor,Bottoms,Slim Fit Jeans,Year End,155.46,5,777.3000000000001,Cash,Online,Yes,41.57,735.73
2/9/2025,INV100882,CUST1928,26-35,Female,Penang,Accessories,Handbag,Ramadan,82.94,2,165.88,E-Wallet (TnG),In-Store,No,0,165.88
9/3/2025,INV100883,CUST3005,18-25,Male,Sabah,Hijabs,Silk Hijab,Normal,109.09,3,327.27,Credit Card,Instagram,No,0,327.27
7/7/2025,INV100884,CUST5795,26-35,Others,Sabah,Accessories,Bangles,Normal,117.46,1,117.46,Cash,Shopee,No,0,117.46
12/28/2025,INV100885,CUST8966,36-45,Male,Johor,Bottoms,Palazzo Pants,Chinese New Year,74.89,5,374.45,Credit Card,Online,No,0,374.45
3/14/2025,INV100886,CUST1587,26-35,Others,Negeri Sembilan,Footwear,Heels,Normal,23.83,1,23.83,E-Wallet (TnG),Shopee,No,0,23.83
6/3/2025,INV100887,CUST2384,18-25,Female,Perak,Footwear,Heels,Normal,175.3,4,701.2,E-Wallet (GrabPay),Online,Yes,14.26,686.94
4/5/2025,INV100888,CUST8062,18-25,Others,Sabah,Tops,Linen Tunic,Ramadan,188.7,5,943.5,E-Wallet (TnG),Shopee,Yes,39.08,904.42
6/24/2025,INV100889,CUST8111,46-60,Others,Selangor,Tops,Linen Tunic,Normal,89.86,3,269.58,E-Wallet (GrabPay),Instagram,No,0,269.58
3/25/2025,INV100890,CUST7247,46-60,Others,Johor,Bottoms,Batik Skirt,Normal,70.53,3,211.59,Cash,In-Store,No,0,211.59
6/22/2025,INV100891,CUST7465,18-25,Others,Sabah,Accessories,Scarf,Normal,138.66,5,693.3,Cash,Online,No,0,693.3
10/19/2025,INV100892,CUST6259,36-45,Male,Negeri Sembilan,Footwear,Heels,Normal,99.18,4,396.72,Cash,Shopee,No,0,396.72
11/23/2025,INV100893,CUST4569,46-60,Male,Kuala Lumpur,Accessories,Bangles,Normal,119.26,1,119.26,E-Wallet (GrabPay),In-Store,No,0,119.26
5/22/2025,INV100894,CUST5252,46-60,Male,Johor,Bottoms,Batik Skirt,Merdeka,138.08,2,276.16,Cash,Online,Yes,35.8,240.36
8/14/2025,INV100895,CUST6199,18-25,Others,Johor,Tops,Linen Tunic,Ramadan,195.55,1,195.55,E-Wallet (TnG),Online,Yes,20.74,174.81
2/9/2025,INV100896,CUST9305,46-60,Male,Kuala Lumpur,Bottoms,Batik Skirt,Ramadan,122.67,4,490.68,Cash,Instagram,No,0,490.68
3/15/2025,INV100897,CUST1404,36-45,Others,Sarawak,Accessories,Scarf,Normal,181.53,3,544.59,E-Wallet (GrabPay),Shopee,Yes,12.21,532.38
1/23/2025,INV100898,CUST5765,26-35,Others,Selangor,Tops,Linen Tunic,Chinese New Year,165.45,5,827.25,E-Wallet (TnG),In-Store,No,0,827.25
10/26/2025,INV100899,CUST1534,26-35,Female,Kuala Lumpur,Tops,Floral Blouse,Normal,121.77,5,608.85,E-Wallet (GrabPay),Online,Yes,32.32,576.53
12/4/2025,INV100900,CUST9592,46-60,Female,Sabah,Bottoms,Palazzo Pants,Ramadan,183.99,3,551.97,Credit Card,Shopee,Yes,25.51,526.46
3/1/2025,INV100901,CUST4949,46-60,Others,Perak,Accessories,Handbag,Normal,83.36,5,416.8,Cash,Shopee,No,0,416.8
11/6/2025,INV100902,CUST4774,46-60,Female,Johor,Hijabs,Silk Hijab,Normal,186.63,2,373.26,E-Wallet (GrabPay),In-Store,No,0,373.26
5/27/2025,INV100903,CUST6596,36-45,Male,Kuala Lumpur,Footwear,Sneakers,Merdeka,196.98,5,984.9,E-Wallet (GrabPay),In-Store,Yes,44.44,940.46
1/8/2025,INV100904,CUST3732,18-25,Female,Sabah,Hijabs,Printed Hijab,Hari Raya,153.71,2,307.42,Cash,Instagram,Yes,36.05,271.37
2/7/2025,INV100905,CUST3168,46-60,Female,Sarawak,Bottoms,Slim Fit Jeans,Year End,120.25,3,360.75,Cash,Shopee,No,0,360.75
10/30/2025,INV100906,CUST2765,18-25,Male,Sarawak,Footwear,Sneakers,Normal,133.55,4,534.2,E-Wallet (TnG),Instagram,Yes,38,496.20000000000005
10/29/2025,INV100907,CUST9345,18-25,Male,Selangor,Hijabs,Printed Hijab,Normal,86.58,4,346.32,E-Wallet (GrabPay),Shopee,No,0,346.32
4/1/2025,INV100908,CUST9334,36-45,Male,Johor,Accessories,Scarf,Ramadan,28.69,5,143.45000000000002,E-Wallet (GrabPay),Shopee,No,0,143.45000000000002
7/16/2025,INV100909,CUST6219,26-35,Male,Selangor,Bottoms,Slim Fit Jeans,Normal,113.44,5,567.2,E-Wallet (TnG),Online,No,0,567.2
5/26/2025,INV100910,CUST3713,18-25,Female,Sabah,Footwear,Sneakers,Chinese New Year,179.36,3,538.08,E-Wallet (TnG),Online,Yes,34.99,503.09000000000003
3/14/2025,INV100911,CUST2572,26-35,Others,Penang,Tops,Linen Tunic,Normal,182.46,5,912.3000000000001,Credit Card,Online,No,0,912.3000000000001
1/14/2025,INV100912,CUST7054,26-35,Female,Perak,Footwear,Sandals,Chinese New Year,169.59,3,508.77,Cash,Online,No,0,508.77
8/10/2025,INV100913,CUST9081,36-45,Male,Penang,Accessories,Bangles,Year End,40.96,3,122.88,Cash,In-Store,Yes,19.72,103.16
9/17/2025,INV100914,CUST6494,36-45,Female,Kuala Lumpur,Accessories,Handbag,Normal,98.01,5,490.05,E-Wallet (TnG),In-Store,Yes,47.71,442.34000000000003
11/18/2025,INV100915,CUST1130,26-35,Male,Perak,Bottoms,Palazzo Pants,Normal,55.22,4,220.88,Credit Card,Instagram,Yes,38.01,182.87
5/25/2025,INV100916,CUST3159,26-35,Others,Kuala Lumpur,Hijabs,Printed Hijab,Year End,58.55,4,234.2,Cash,Instagram,Yes,36.95,197.25
1/20/2025,INV100917,CUST7851,36-45,Others,Perak,Hijabs,Silk Hijab,Year End,82.77,5,413.84999999999997,Credit Card,Shopee,Yes,44.38,369.46999999999997
12/9/2025,INV100918,CUST8947,46-60,Others,Perak,Hijabs,Cotton Hijab,Merdeka,106.57,1,106.57,Credit Card,Online,No,0,106.57
8/3/2025,INV100919,CUST8326,36-45,Male,Perak,Tops,Floral Blouse,Hari Raya,192.14,1,192.14,E-Wallet (TnG),Instagram,Yes,39.82,152.32
9/5/2025,INV100920,CUST9014,46-60,Others,Johor,Tops,Cotton Shirt,Normal,68.23,2,136.46,E-Wallet (GrabPay),Online,No,0,136.46
5/14/2025,INV100921,CUST6203,46-60,Female,Negeri Sembilan,Footwear,Sneakers,Ramadan,184.23,3,552.6899999999999,E-Wallet (GrabPay),In-Store,No,0,552.6899999999999
11/22/2025,INV100922,CUST1747,36-45,Female,Perak,Bottoms,Palazzo Pants,Normal,177.61,5,888.0500000000001,Credit Card,Online,No,0,888.0500000000001
3/8/2025,INV100923,CUST9843,18-25,Others,Selangor,Footwear,Heels,Normal,160.48,3,481.43999999999994,E-Wallet (TnG),Online,Yes,28.34,453.09999999999997
7/5/2025,INV100924,CUST9773,26-35,Male,Perak,Bottoms,Slim Fit Jeans,Normal,164.23,3,492.68999999999994,E-Wallet (TnG),Instagram,Yes,29.88,462.80999999999995
5/8/2025,INV100925,CUST1223,18-25,Male,Kuala Lumpur,Hijabs,Cotton Hijab,Hari Raya,27.61,3,82.83,E-Wallet (TnG),Online,Yes,33.42,49.41
12/19/2025,INV100926,CUST5051,18-25,Female,Kuala Lumpur,Footwear,Sandals,Hari Raya,43.61,3,130.82999999999998,Cash,Online,Yes,27.7,103.12999999999998
12/27/2025,INV100927,CUST7805,18-25,Male,Penang,Tops,Linen Tunic,Merdeka,162.67,2,325.34,E-Wallet (TnG),Shopee,No,0,325.34
9/20/2025,INV100928,CUST1383,36-45,Female,Negeri Sembilan,Bottoms,Batik Skirt,Normal,67.57,5,337.84999999999997,E-Wallet (GrabPay),Instagram,No,0,337.84999999999997
8/8/2025,INV100929,CUST2524,26-35,Female,Sabah,Footwear,Sneakers,Year End,115.98,2,231.96,E-Wallet (GrabPay),Online,No,0,231.96
7/21/2025,INV100930,CUST7106,18-25,Female,Johor,Hijabs,Silk Hijab,Normal,91.52,2,183.04,E-Wallet (GrabPay),Shopee,No,0,183.04
10/16/2025,INV100931,CUST2785,36-45,Female,Penang,Tops,Floral Blouse,Normal,120.96,2,241.92,E-Wallet (GrabPay),In-Store,Yes,11.36,230.56
11/12/2025,INV100932,CUST8758,26-35,Male,Negeri Sembilan,Accessories,Scarf,Normal,76.06,3,228.18,Credit Card,Online,No,0,228.18
12/19/2025,INV100933,CUST7660,18-25,Female,Johor,Hijabs,Cotton Hijab,Merdeka,109.97,2,219.94,E-Wallet (TnG),Instagram,No,0,219.94
9/21/2025,INV100934,CUST2334,18-25,Female,Kuala Lumpur,Footwear,Heels,Normal,156.24,2,312.48,Cash,In-Store,Yes,24.69,287.79
2/28/2025,INV100935,CUST1639,46-60,Female,Penang,Hijabs,Cotton Hijab,Chinese New Year,154.82,5,774.0999999999999,E-Wallet (GrabPay),Instagram,Yes,18.35,755.7499999999999
8/11/2025,INV100936,CUST5820,36-45,Others,Sarawak,Hijabs,Cotton Hijab,Merdeka,137.04,2,274.08,E-Wallet (TnG),In-Store,No,0,274.08
9/23/2025,INV100937,CUST5116,46-60,Female,Johor,Accessories,Bangles,Normal,149.62,2,299.24,Credit Card,Instagram,Yes,19.3,279.94
4/2/2025,INV100938,CUST3463,46-60,Male,Selangor,Accessories,Bangles,Chinese New Year,55.87,1,55.87,E-Wallet (GrabPay),Shopee,Yes,7.75,48.12
8/28/2025,INV100939,CUST3563,18-25,Female,Johor,Accessories,Bangles,New Year,187.02,3,561.0600000000001,E-Wallet (TnG),Instagram,No,0,561.0600000000001
7/8/2025,INV100940,CUST7607,36-45,Others,Johor,Tops,Linen Tunic,Normal,47.44,2,94.88,E-Wallet (TnG),In-Store,No,0,94.88
10/16/2025,INV100941,CUST2676,26-35,Others,Perak,Accessories,Bangles,Normal,158.96,5,794.8000000000001,E-Wallet (TnG),Instagram,Yes,12.56,782.2400000000001
4/29/2025,INV100942,CUST4546,18-25,Others,Penang,Bottoms,Batik Skirt,Hari Raya,177.43,3,532.29,Cash,Online,Yes,28.03,504.26
8/14/2025,INV100943,CUST7969,46-60,Female,Sabah,Hijabs,Silk Hijab,Chinese New Year,120.83,4,483.32,E-Wallet (GrabPay),Instagram,No,0,483.32
6/9/2025,INV100944,CUST9552,36-45,Others,Kuala Lumpur,Hijabs,Silk Hijab,Normal,191.96,3,575.88,Credit Card,Instagram,No,0,575.88
9/8/2025,INV100945,CUST5104,18-25,Others,Perak,Accessories,Handbag,Normal,24.55,3,73.65,E-Wallet (GrabPay),Shopee,No,0,73.65
4/20/2025,INV100946,CUST4129,46-60,Female,Penang,Tops,Floral Blouse,Hari Raya,84.98,2,169.96,Cash,Shopee,No,0,169.96
2/18/2025,INV100947,CUST7043,36-45,Others,Selangor,Hijabs,Cotton Hijab,New Year,136.5,4,546,E-Wallet (GrabPay),Online,No,0,546
5/21/2025,INV100948,CUST1937,18-25,Others,Negeri Sembilan,Hijabs,Printed Hijab,Hari Raya,108.25,4,433,Cash,Online,No,0,433
1/15/2025,INV100949,CUST3509,26-35,Male,Kuala Lumpur,Footwear,Heels,New Year,99.81,1,99.81,E-Wallet (TnG),Online,No,0,99.81
4/10/2025,INV100950,CUST1273,36-45,Others,Sarawak,Bottoms,Palazzo Pants,Year End,189.97,5,949.85,Cash,Instagram,No,0,949.85
12/8/2025,INV100951,CUST2007,18-25,Male,Penang,Accessories,Handbag,Chinese New Year,99.81,3,299.43,Credit Card,Instagram,Yes,33.59,265.84000000000003
1/2/2025,INV100952,CUST6098,36-45,Others,Sarawak,Tops,Cotton Shirt,Hari Raya,122.27,1,122.27,E-Wallet (GrabPay),Online,Yes,46.31,75.96
4/4/2025,INV100953,CUST2415,26-35,Female,Selangor,Bottoms,Batik Skirt,Chinese New Year,134.83,4,539.32,Cash,In-Store,No,0,539.32
12/15/2025,INV100954,CUST4130,26-35,Female,Selangor,Footwear,Sandals,Ramadan,52.04,2,104.08,E-Wallet (TnG),Instagram,Yes,42.59,61.489999999999995
5/20/2025,INV100955,CUST4264,26-35,Female,Sabah,Footwear,Sneakers,New Year,108.18,5,540.9000000000001,E-Wallet (TnG),Shopee,No,0,540.9000000000001
11/20/2025,INV100956,CUST3793,18-25,Others,Perak,Bottoms,Palazzo Pants,Normal,122.37,4,489.48,E-Wallet (TnG),Shopee,Yes,20.4,469.08000000000004
9/15/2025,INV100957,CUST5406,18-25,Others,Johor,Accessories,Handbag,Normal,104.18,1,104.18,Cash,In-Store,No,0,104.18
3/13/2025,INV100958,CUST8655,36-45,Female,Perak,Hijabs,Silk Hijab,Normal,78.03,1,78.03,E-Wallet (TnG),Online,Yes,23.96,54.07
6/21/2025,INV100959,CUST6516,18-25,Male,Sarawak,Accessories,Handbag,Normal,104.03,2,208.06,Cash,Instagram,No,0,208.06
10/31/2025,INV100960,CUST8126,46-60,Female,Johor,Accessories,Bangles,Normal,87.18,3,261.54,E-Wallet (GrabPay),Instagram,No,0,261.54
1/21/2025,INV100961,CUST4838,18-25,Female,Perak,Accessories,Bangles,Hari Raya,126.75,2,253.5,Credit Card,Shopee,Yes,47.82,205.68
10/18/2025,INV100962,CUST3286,26-35,Others,Sarawak,Tops,Floral Blouse,Normal,75.67,2,151.34,E-Wallet (TnG),Instagram,No,0,151.34
3/26/2025,INV100963,CUST8546,18-25,Others,Penang,Bottoms,Batik Skirt,Normal,74.23,1,74.23,Credit Card,In-Store,Yes,24.64,49.59
5/6/2025,INV100964,CUST3525,36-45,Male,Negeri Sembilan,Bottoms,Slim Fit Jeans,New Year,104.74,4,418.96,Credit Card,Instagram,No,0,418.96
8/26/2025,INV100965,CUST4977,18-25,Female,Penang,Accessories,Handbag,Hari Raya,159.19,3,477.57,E-Wallet (GrabPay),Instagram,Yes,20.61,456.96
12/9/2025,INV100966,CUST1440,26-35,Others,Penang,Bottoms,Slim Fit Jeans,Ramadan,81.17,1,81.17,E-Wallet (GrabPay),Online,Yes,11.21,69.96000000000001
4/7/2025,INV100967,CUST1724,26-35,Female,Perak,Tops,Cotton Shirt,Hari Raya,137.73,4,550.92,Credit Card,Shopee,No,0,550.92
7/18/2025,INV100968,CUST8875,18-25,Female,Perak,Bottoms,Batik Skirt,Normal,91.68,5,458.40000000000003,Cash,Instagram,Yes,20.58,437.82000000000005
2/21/2025,INV100969,CUST7626,18-25,Male,Sarawak,Bottoms,Palazzo Pants,Merdeka,89.12,4,356.48,Cash,Instagram,No,0,356.48
8/5/2025,INV100970,CUST1893,36-45,Female,Sabah,Tops,Linen Tunic,Hari Raya,110.37,4,441.48,E-Wallet (TnG),Shopee,Yes,40.35,401.13
8/6/2025,INV100971,CUST9711,46-60,Others,Kuala Lumpur,Bottoms,Batik Skirt,Ramadan,190.68,5,953.4000000000001,E-Wallet (TnG),In-Store,No,0,953.4000000000001
8/11/2025,INV100972,CUST1795,46-60,Female,Selangor,Tops,Cotton Shirt,Hari Raya,86.08,5,430.4,E-Wallet (TnG),Shopee,No,0,430.4
6/22/2025,INV100973,CUST5852,18-25,Others,Sabah,Bottoms,Slim Fit Jeans,Normal,84.24,1,84.24,E-Wallet (GrabPay),Shopee,No,0,84.24
11/22/2025,INV100974,CUST1583,18-25,Female,Selangor,Hijabs,Printed Hijab,Normal,91.32,2,182.64,Cash,Online,Yes,37.71,144.92999999999998
11/21/2025,INV100975,CUST9084,46-60,Female,Sarawak,Footwear,Sandals,Normal,131.1,5,655.5,E-Wallet (GrabPay),Online,Yes,19.7,635.8
1/20/2025,INV100976,CUST3404,18-25,Female,Kuala Lumpur,Accessories,Bangles,Year End,74.36,4,297.44,Cash,In-Store,No,0,297.44
12/1/2025,INV100977,CUST2298,46-60,Male,Johor,Hijabs,Cotton Hijab,Ramadan,130.8,5,654,Credit Card,Online,No,0,654
10/21/2025,INV100978,CUST8748,26-35,Female,Sabah,Bottoms,Slim Fit Jeans,Normal,110.28,1,110.28,E-Wallet (GrabPay),In-Store,No,0,110.28
5/20/2025,INV100979,CUST1082,46-60,Male,Selangor,Footwear,Sandals,Chinese New Year,69.46,4,277.84,E-Wallet (TnG),Online,Yes,15.12,262.71999999999997
12/30/2025,INV100980,CUST6318,26-35,Male,Sabah,Hijabs,Cotton Hijab,Merdeka,95.74,5,478.7,E-Wallet (TnG),Instagram,No,0,478.7
10/13/2025,INV100981,CUST1205,36-45,Female,Sarawak,Accessories,Scarf,Normal,47.32,4,189.28,Credit Card,In-Store,No,0,189.28
5/11/2025,INV100982,CUST7601,18-25,Others,Kuala Lumpur,Footwear,Sandals,Ramadan,34.96,5,174.8,E-Wallet (TnG),Shopee,No,0,174.8
6/11/2025,INV100983,CUST8397,46-60,Male,Penang,Hijabs,Printed Hijab,Normal,50.01,3,150.03,E-Wallet (GrabPay),Instagram,Yes,38.81,111.22
5/26/2025,INV100984,CUST9040,26-35,Female,Penang,Footwear,Sandals,New Year,37.46,2,74.92,Credit Card,Online,No,0,74.92
4/2/2025,INV100985,CUST3606,46-60,Others,Perak,Accessories,Handbag,Hari Raya,182.08,3,546.24,E-Wallet (TnG),Shopee,Yes,34.89,511.35
12/18/2025,INV100986,CUST6206,46-60,Male,Perak,Footwear,Sneakers,Ramadan,168.7,4,674.8,Credit Card,In-Store,No,0,674.8
5/28/2025,INV100987,CUST1054,36-45,Female,Penang,Tops,Cotton Shirt,Merdeka,137.56,4,550.24,E-Wallet (GrabPay),In-Store,Yes,32.85,517.39
3/12/2025,INV100988,CUST9247,18-25,Others,Perak,Tops,Cotton Shirt,Normal,129.77,2,259.54,E-Wallet (GrabPay),Online,No,0,259.54
1/12/2025,INV100989,CUST7378,26-35,Male,Negeri Sembilan,Accessories,Bangles,Chinese New Year,51.54,2,103.08,E-Wallet (TnG),In-Store,No,0,103.08
2/3/2025,INV100990,CUST1506,26-35,Others,Negeri Sembilan,Footwear,Heels,Year End,128.58,2,257.16,Credit Card,Instagram,Yes,41.17,215.99
6/19/2025,INV100991,CUST3609,26-35,Female,Kuala Lumpur,Tops,Linen Tunic,Normal,25.82,4,103.28,E-Wallet (GrabPay),Instagram,Yes,40.24,63.04
5/14/2025,INV100992,CUST9803,18-25,Others,Selangor,Footwear,Sneakers,Year End,30.76,4,123.04,Cash,Shopee,No,0,123.04
9/19/2025,INV100993,CUST8209,46-60,Male,Kuala Lumpur,Bottoms,Slim Fit Jeans,Normal,156.43,5,782.1500000000001,Cash,In-Store,No,0,782.1500000000001
7/31/2025,INV100994,CUST6567,26-35,Male,Negeri Sembilan,Bottoms,Slim Fit Jeans,Normal,37.48,1,37.48,E-Wallet (GrabPay),Instagram,Yes,39.06,-1.58
6/25/2025,INV100995,CUST5838,46-60,Female,Negeri Sembilan,Accessories,Bangles,Normal,69.55,1,69.55,Credit Card,In-Store,No,0,69.55
1/14/2025,INV100996,CUST4621,36-45,Others,Sarawak,Accessories,Scarf,Year End,48.49,3,145.47,E-Wallet (GrabPay),Instagram,No,0,145.47
3/21/2025,INV100997,CUST3106,26-35,Others,Sabah,Footwear,Sneakers,Normal,134.62,1,134.62,Credit Card,Shopee,Yes,31.29,103.33000000000001
5/13/2025,INV100998,CUST6966,46-60,Female,Penang,Accessories,Bangles,Chinese New Year,125.68,5,628.4000000000001,E-Wallet (TnG),Shopee,No,0,628.4000000000001
9/6/2025,INV100999,CUST3770,46-60,Male,Negeri Sembilan,Footwear,Heels,Normal,140.37,1,140.37,E-Wallet (TnG),In-Store,No,0,140.37
